{
  "experiment": "prototype_recovery_sweep",
  "K": 5,
  "seed": 42,
  "num_rounds": 50000,
  "num_agents": 30,
  "prototype_update_every": 7,
  "population_noise_sigma": 0.1,
  "ground_truth_probs": [
    [
      0.98,
      0.02
    ],
    [
      0.75,
      0.25
    ],
    [
      0.6,
      0.4
    ],
    [
      0.5,
      0.5
    ],
    [
      0.25,
      0.75
    ]
  ],
  "final_mce": 0.5396221909924241,
  "final_belief_accuracy": 0.7804597701149425,
  "final_belief_ce": 0.7648269373361517,
  "avg_return": 2.471591351908731,
  "learned_logits": [
    [
      0.9033901331018546,
      -1.0042778731819366
    ],
    [
      0.39740537641032153,
      -0.35995660658710765
    ],
    [
      0.2555020850019205,
      -0.1802733942522812
    ],
    [
      0.07470637219974534,
      -0.11526021544539504
    ],
    [
      -0.34113356301727576,
      0.37446714083605365
    ]
  ],
  "learned_probs": [
    [
      0.8707569337523795,
      0.12924306624762044
    ],
    [
      0.6807807179392437,
      0.3192192820607564
    ],
    [
      0.6072519529363765,
      0.3927480470636236
    ],
    [
      0.5473493399766346,
      0.4526506600233654
    ],
    [
      0.3283624725543766,
      0.6716375274456234
    ]
  ],
  "permutation_true_to_learned": [
    0,
    1,
    2,
    3,
    4
  ],
  "prototype_update_count": 7143,
  "agents_per_type": {
    "0": 6,
    "1": 6,
    "2": 6,
    "3": 6,
    "4": 6
  }
}