{
  "experiment": "prototype_recovery_sweep",
  "K": 5,
  "seed": 43,
  "num_rounds": 2000,
  "num_agents": 20,
  "prototype_update_every": 7,
  "population_noise_sigma": 0.1,
  "ground_truth_probs": [
    [
      0.85,
      0.15
    ],
    [
      0.65,
      0.35
    ],
    [
      0.5,
      0.5
    ],
    [
      0.35,
      0.65
    ],
    [
      0.15,
      0.85
    ]
  ],
  "final_mce": 0.6245551818074444,
  "final_belief_accuracy": 0.4368421052631579,
  "final_belief_ce": 2.079443677586395,
  "avg_return": 0.0,
  "learned_logits": [
    [
      0.009082073109852581,
      -0.06658382312242002
    ],
    [
      0.19446549371184949,
      -0.1972065339395364
    ],
    [
      -0.33529037892128943,
      0.34486415199695825
    ],
    [
      -0.03668615517596945,
      0.06912922535266088
    ],
    [
      0.12723278748905714,
      -0.1245306077067976
    ]
  ],
  "learned_probs": [
    [
      0.518907453971012,
      0.481092546028988
    ],
    [
      0.5966851410326317,
      0.40331485896736824
    ],
    [
      0.3362268137685223,
      0.6637731862314776
    ],
    [
      0.4735708106713539,
      0.526429189328646
    ],
    [
      0.5626104848496171,
      0.4373895151503829
    ]
  ],
  "permutation_true_to_learned": [
    1,
    4,
    0,
    3,
    2
  ],
  "prototype_update_count": 286,
  "agents_per_type": {
    "0": 4,
    "1": 4,
    "2": 4,
    "3": 4,
    "4": 4
  }
}