{
  "experiment": "prototype_recovery_sweep",
  "K": 5,
  "seed": 42,
  "num_rounds": 10000,
  "num_agents": 20,
  "prototype_update_every": 7,
  "population_noise_sigma": 0.1,
  "ground_truth_probs": [
    [
      0.98,
      0.02
    ],
    [
      0.75,
      0.25
    ],
    [
      0.6,
      0.4
    ],
    [
      0.5,
      0.5
    ],
    [
      0.25,
      0.75
    ]
  ],
  "final_mce": 0.5458173768207784,
  "final_belief_accuracy": 0.6815789473684211,
  "final_belief_ce": 2.5344608849761308,
  "avg_return": 2.488105271607168,
  "learned_logits": [
    [
      0.2712228023508422,
      -0.20690238037540964
    ],
    [
      0.88908924968123,
      -0.9107566688923283
    ],
    [
      0.31413138424683107,
      -0.2973626639533437
    ],
    [
      -0.30253046138956113,
      0.3572816777257047
    ],
    [
      0.12213565264296364,
      -0.08481102101492459
    ]
  ],
  "learned_probs": [
    [
      0.6173050663483651,
      0.3826949336516348
    ],
    [
      0.8581301778340553,
      0.14186982216594468
    ],
    [
      0.6482815392965029,
      0.351718460703497
    ],
    [
      0.340781813152987,
      0.659218186847013
    ],
    [
      0.5515528122358269,
      0.4484471877641732
    ]
  ],
  "permutation_true_to_learned": [
    1,
    2,
    0,
    4,
    3
  ],
  "prototype_update_count": 1429,
  "agents_per_type": {
    "0": 4,
    "1": 4,
    "2": 4,
    "3": 4,
    "4": 4
  }
}