{
  "experiment": "prototype_recovery_sweep",
  "K": 5,
  "seed": 43,
  "num_rounds": 3000,
  "num_agents": 20,
  "prototype_update_every": 7,
  "population_noise_sigma": 0.1,
  "ground_truth_probs": [
    [
      0.98,
      0.02
    ],
    [
      0.75,
      0.25
    ],
    [
      0.6,
      0.4
    ],
    [
      0.5,
      0.5
    ],
    [
      0.25,
      0.75
    ]
  ],
  "final_mce": 0.5575947101616976,
  "final_belief_accuracy": 0.5789473684210527,
  "final_belief_ce": 3.168291296297889,
  "avg_return": 2.458180375037206,
  "learned_logits": [
    [
      0.15346203856409013,
      -0.21096378857665782
    ],
    [
      -0.2521394674569962,
      0.24939842722930947
    ],
    [
      0.7771596900254234,
      -0.767585916949754
    ],
    [
      0.27878363744274254,
      -0.24634056726605102
    ],
    [
      0.07196296657727805,
      -0.06926078679501843
    ]
  ],
  "learned_probs": [
    [
      0.590111378222789,
      0.409888621777211
    ],
    [
      0.3771793259606424,
      0.6228206740393575
    ],
    [
      0.8241535381734478,
      0.17584646182655211
    ],
    [
      0.6283451939742326,
      0.37165480602576745
    ],
    [
      0.5352473762309619,
      0.4647526237690381
    ]
  ],
  "permutation_true_to_learned": [
    2,
    3,
    0,
    4,
    1
  ],
  "prototype_update_count": 429,
  "agents_per_type": {
    "0": 4,
    "1": 4,
    "2": 4,
    "3": 4,
    "4": 4
  }
}