{
  "experiment": "prototype_recovery_sweep",
  "K": 5,
  "seed": 43,
  "num_rounds": 500,
  "num_agents": 20,
  "prototype_update_every": 7,
  "population_noise_sigma": 0.1,
  "ground_truth_probs": [
    [
      0.85,
      0.15
    ],
    [
      0.65,
      0.35
    ],
    [
      0.5,
      0.5
    ],
    [
      0.35,
      0.65
    ],
    [
      0.15,
      0.85
    ]
  ],
  "final_mce": 0.6918034434558644,
  "final_belief_accuracy": 0.3447368421052632,
  "final_belief_ce": 1.6104010155570736,
  "avg_return": 0.0,
  "learned_logits": [
    [
      -0.0049537099814837005,
      -0.052548040031083744
    ],
    [
      0.025571624965237523,
      -0.028312665192924392
    ],
    [
      0.021727453076999317,
      -0.012153680001330247
    ],
    [
      0.03820459738727442,
      -0.00576152721058306
    ],
    [
      0.02691923210488796,
      -0.024217052322628538
    ]
  ],
  "learned_probs": [
    [
      0.5118963369452284,
      0.4881036630547716
    ],
    [
      0.5134678140286152,
      0.48653218597138487
    ],
    [
      0.5084694730873975,
      0.4915305269126025
    ],
    [
      0.5109897609207543,
      0.48901023907924557
    ],
    [
      0.5127812860586518,
      0.4872187139413483
    ]
  ],
  "permutation_true_to_learned": [
    1,
    4,
    0,
    3,
    2
  ],
  "prototype_update_count": 72,
  "agents_per_type": {
    "0": 4,
    "1": 4,
    "2": 4,
    "3": 4,
    "4": 4
  }
}