{
  "experiment": "prototype_recovery_sweep",
  "K": 4,
  "seed": 42,
  "num_rounds": 10000,
  "num_agents": 20,
  "prototype_update_every": 7,
  "population_noise_sigma": 0.1,
  "ground_truth_probs": [
    [
      0.95,
      0.05
    ],
    [
      0.75,
      0.25
    ],
    [
      0.25,
      0.75
    ],
    [
      0.05,
      0.95
    ]
  ],
  "final_mce": 0.4302232320420415,
  "final_belief_accuracy": 0.6684210526315789,
  "final_belief_ce": 3.344744276426755,
  "avg_return": 2.4781121133374135,
  "learned_logits": [
    [
      0.3211129124797338,
      -0.2567924905043034
    ],
    [
      -0.8286782885525118,
      0.807010869341412
    ],
    [
      -0.1748325975737926,
      0.19160131786727908
    ],
    [
      0.8761841030352017,
      -0.8214328866990576
    ]
  ],
  "learned_probs": [
    [
      0.6405852973119411,
      0.3594147026880589
    ],
    [
      0.163052493419069,
      0.8369475065809311
    ],
    [
      0.4094029935389852,
      0.5905970064610148
    ],
    [
      0.8452232437422602,
      0.15477675625773984
    ]
  ],
  "permutation_true_to_learned": [
    3,
    0,
    2,
    1
  ],
  "prototype_update_count": 1429,
  "agents_per_type": {
    "0": 5,
    "1": 5,
    "2": 5,
    "3": 5
  }
}