{
  "experiment": "prototype_recovery_sweep",
  "K": 3,
  "seed": 43,
  "num_rounds": 2000,
  "num_agents": 50,
  "prototype_update_every": 10,
  "population_noise_sigma": 0.1,
  "ground_truth_probs": [
    [
      0.98,
      0.02
    ],
    [
      0.5,
      0.5
    ],
    [
      0.02,
      0.98
    ]
  ],
  "final_mce": 0.6822340742887004,
  "final_belief_accuracy": 0.6583673469387755,
  "final_belief_ce": 1.1181027582822047,
  "avg_return": 2.2664323896258165,
  "learned_logits": [
    [
      -0.042877299317879966,
      -0.021557832425916478
    ],
    [
      0.07486452339295614,
      0.02708088415646184
    ],
    [
      -0.01691607601279345,
      -0.04344582560046498
    ]
  ],
  "learned_probs": [
    [
      0.4946703351452718,
      0.5053296648547281
    ],
    [
      0.5119436373437138,
      0.4880563626562862
    ],
    [
      0.5066320484165802,
      0.49336795158341984
    ]
  ],
  "permutation_true_to_learned": [
    1,
    2,
    0
  ],
  "prototype_update_count": 200,
  "agents_per_type": {
    "0": 17,
    "1": 17,
    "2": 16
  }
}