{
  "experiment": "prototype_recovery_sweep",
  "K": 3,
  "seed": 42,
  "num_rounds": 500,
  "num_agents": 50,
  "prototype_update_every": 10,
  "population_noise_sigma": 0.1,
  "ground_truth_probs": [
    [
      0.98,
      0.02
    ],
    [
      0.5,
      0.5
    ],
    [
      0.02,
      0.98
    ]
  ],
  "final_mce": 0.6934193210327598,
  "final_belief_accuracy": 0.4016326530612245,
  "final_belief_ce": 1.0984671824683463,
  "avg_return": 2.2719087635054023,
  "learned_logits": [
    [
      0.047548940189073276,
      -0.0014956530017395464
    ],
    [
      0.0340085413347947,
      -0.014945961464510594
    ],
    [
      -0.004039814716436017,
      -0.05291294717743937
    ]
  ],
  "learned_probs": [
    [
      0.5122586911700413,
      0.48774130882995864
    ],
    [
      0.5122361820857003,
      0.4877638179142997
    ],
    [
      0.5122158516639987,
      0.4877841483360013
    ]
  ],
  "permutation_true_to_learned": [
    0,
    1,
    2
  ],
  "prototype_update_count": 50,
  "agents_per_type": {
    "0": 17,
    "1": 17,
    "2": 16
  }
}