{
  "experiment": "prototype_recovery_sweep",
  "K": 5,
  "seed": 42,
  "num_rounds": 500,
  "num_agents": 50,
  "prototype_update_every": 10,
  "population_noise_sigma": 0.1,
  "ground_truth_probs": [
    [
      0.98,
      0.02
    ],
    [
      0.8,
      0.2
    ],
    [
      0.6,
      0.4
    ],
    [
      0.5,
      0.5
    ],
    [
      0.2,
      0.8
    ]
  ],
  "final_mce": 0.6656248095660413,
  "final_belief_accuracy": 0.3342857142857143,
  "final_belief_ce": 1.6081064683390165,
  "avg_return": 2.4730406895169375,
  "learned_logits": [
    [
      0.2552455606098269,
      -0.20919227342249322
    ],
    [
      0.24144220866020752,
      -0.22237962878992393
    ],
    [
      0.20324192730633542,
      -0.2601946892002111
    ],
    [
      0.19943025936673933,
      -0.263883015907297
    ],
    [
      0.2078310735869118,
      -0.25218168787365924
    ]
  ],
  "learned_probs": [
    [
      0.6140664242562712,
      0.3859335757437287
    ],
    [
      0.6139204296805029,
      0.386079570319497
    ],
    [
      0.6138291197837743,
      0.3861708802162257
    ],
    [
      0.6137998822059931,
      0.3862001177940068
    ],
    [
      0.6130172035081342,
      0.3869827964918658
    ]
  ],
  "permutation_true_to_learned": [
    0,
    1,
    2,
    3,
    4
  ],
  "prototype_update_count": 50,
  "agents_per_type": {
    "0": 10,
    "1": 10,
    "2": 10,
    "3": 10,
    "4": 10
  }
}