{
  "experiment": "prototype_recovery_sweep",
  "K": 3,
  "seed": 42,
  "num_rounds": 1000,
  "num_agents": 20,
  "prototype_update_every": 7,
  "population_noise_sigma": 0.1,
  "ground_truth_probs": [
    [
      0.95,
      0.05
    ],
    [
      0.5,
      0.5
    ],
    [
      0.05,
      0.95
    ]
  ],
  "final_mce": 0.45446217586199733,
  "final_belief_accuracy": 0.7947368421052632,
  "final_belief_ce": 2.6498496722266394,
  "avg_return": 2.5300628024297334,
  "learned_logits": [
    [
      -0.4390689481425713,
      0.5033893701180027
    ],
    [
      0.6844005169526103,
      -0.7060679361637098
    ],
    [
      -0.05823589882537271,
      0.07500461911885893
    ]
  ],
  "learned_probs": [
    [
      0.2804040413165359,
      0.719595958683464
    ],
    [
      0.8006670184920066,
      0.1993329815079934
    ],
    [
      0.46673906284408023,
      0.5332609371559197
    ]
  ],
  "permutation_true_to_learned": [
    1,
    2,
    0
  ],
  "prototype_update_count": 143,
  "agents_per_type": {
    "0": 7,
    "1": 7,
    "2": 6
  }
}