{
  "experiment": "prototype_recovery_sweep",
  "K": 5,
  "seed": 42,
  "num_rounds": 250,
  "num_agents": 50,
  "prototype_update_every": 10,
  "population_noise_sigma": 0.1,
  "ground_truth_probs": [
    [
      0.98,
      0.02
    ],
    [
      0.8,
      0.2
    ],
    [
      0.6,
      0.4
    ],
    [
      0.5,
      0.5
    ],
    [
      0.2,
      0.8
    ]
  ],
  "final_mce": 0.6658202953362389,
  "final_belief_accuracy": 0.28775510204081634,
  "final_belief_ce": 1.608523233324967,
  "avg_return": 2.4848303393213573,
  "learned_logits": [
    [
      0.2861384949370712,
      -0.24008520774973738
    ],
    [
      0.2722523872490097,
      -0.25318980737872626
    ],
    [
      0.2339992185814526,
      -0.2909519804753284
    ],
    [
      0.23017042856912037,
      -0.294623185109678
    ],
    [
      0.2380766780905397,
      -0.28242729237728714
    ]
  ],
  "learned_probs": [
    [
      0.6286019207466562,
      0.3713980792533437
    ],
    [
      0.6284194503373728,
      0.3715805496626272
    ],
    [
      0.6283047914978837,
      0.3716952085021164
    ],
    [
      0.6282679885986749,
      0.37173201140132506
    ],
    [
      0.6272656039107523,
      0.3727343960892478
    ]
  ],
  "permutation_true_to_learned": [
    0,
    1,
    2,
    3,
    4
  ],
  "prototype_update_count": 25,
  "agents_per_type": {
    "0": 10,
    "1": 10,
    "2": 10,
    "3": 10,
    "4": 10
  }
}