{
  "experiment": "prototype_recovery_sweep",
  "K": 5,
  "seed": 43,
  "num_rounds": 50000,
  "num_agents": 30,
  "prototype_update_every": 7,
  "population_noise_sigma": 0.1,
  "ground_truth_probs": [
    [
      0.98,
      0.02
    ],
    [
      0.75,
      0.25
    ],
    [
      0.6,
      0.4
    ],
    [
      0.5,
      0.5
    ],
    [
      0.25,
      0.75
    ]
  ],
  "final_mce": 0.5394759635899108,
  "final_belief_accuracy": 0.7482758620689656,
  "final_belief_ce": 2.8962221392776657,
  "avg_return": 2.4647092519042384,
  "learned_logits": [
    [
      -0.3103142481852687,
      0.31766354787479034
    ],
    [
      0.20400890242915967,
      -0.23618406474767906
    ],
    [
      0.41458023329752436,
      -0.36211502293648096
    ],
    [
      0.10116825662595705,
      -0.08437029853088714
    ],
    [
      1.065007437417288,
      -0.9087873707890541
    ]
  ],
  "learned_probs": [
    [
      0.34796920769240436,
      0.6520307923075956
    ],
    [
      0.6083050100013191,
      0.3916949899986808
    ],
    [
      0.684967429321004,
      0.31503257067899604
    ],
    [
      0.5462520310525807,
      0.4537479689474192
    ],
    [
      0.8780181292197079,
      0.12198187078029217
    ]
  ],
  "permutation_true_to_learned": [
    4,
    2,
    1,
    3,
    0
  ],
  "prototype_update_count": 7143,
  "agents_per_type": {
    "0": 6,
    "1": 6,
    "2": 6,
    "3": 6,
    "4": 6
  }
}