{
  "experiment": "prototype_recovery_sweep",
  "K": 3,
  "seed": 42,
  "num_rounds": 300,
  "num_agents": 50,
  "prototype_update_every": 10,
  "population_noise_sigma": 0.1,
  "ground_truth_probs": [
    [
      0.98,
      0.02
    ],
    [
      0.5,
      0.5
    ],
    [
      0.02,
      0.98
    ]
  ],
  "final_mce": 0.6928234823917968,
  "final_belief_accuracy": 0.3212244897959184,
  "final_belief_ce": 1.098575835830457,
  "avg_return": 2.277183004349281,
  "learned_logits": [
    [
      0.02555675169055544,
      0.020496535496778254
    ],
    [
      0.011434435875640933,
      0.007628143994643238
    ],
    [
      -0.02696424106748238,
      -0.029988520826393146
    ]
  ],
  "learned_probs": [
    [
      0.5012650513490591,
      0.4987349486509409
    ],
    [
      0.5009515718213966,
      0.4990484281786034
    ],
    [
      0.50075606936346,
      0.49924393063653993
    ]
  ],
  "permutation_true_to_learned": [
    0,
    1,
    2
  ],
  "prototype_update_count": 30,
  "agents_per_type": {
    "0": 17,
    "1": 17,
    "2": 16
  }
}