{
  "experiment": "prototype_recovery_sweep",
  "K": 5,
  "seed": 42,
  "num_rounds": 10000,
  "num_agents": 20,
  "prototype_update_every": 7,
  "population_noise_sigma": 0.1,
  "ground_truth_probs": [
    [
      0.85,
      0.15
    ],
    [
      0.65,
      0.35
    ],
    [
      0.5,
      0.5
    ],
    [
      0.35,
      0.65
    ],
    [
      0.15,
      0.85
    ]
  ],
  "final_mce": 0.5876195918579288,
  "final_belief_accuracy": 0.6078947368421053,
  "final_belief_ce": 2.2848224596683306,
  "avg_return": 0.0,
  "learned_logits": [
    [
      0.07130376595196725,
      -0.006983343976535438
    ],
    [
      0.5037812080516827,
      -0.5254486272627809
    ],
    [
      0.08443877076501591,
      -0.06767005047152938
    ],
    [
      -0.5268949809018696,
      0.5816461972380125
    ],
    [
      -0.12968883045339594,
      0.1670134620814351
    ]
  ],
  "learned_probs": [
    [
      0.5195617875288951,
      0.48043821247110485
    ],
    [
      0.7367665561030207,
      0.2632334438969792
    ],
    [
      0.5379540546368116,
      0.4620459453631885
    ],
    [
      0.24814295807107167,
      0.7518570419289283
    ],
    [
      0.42636383240736303,
      0.573636167592637
    ]
  ],
  "permutation_true_to_learned": [
    1,
    2,
    0,
    4,
    3
  ],
  "prototype_update_count": 1429,
  "agents_per_type": {
    "0": 4,
    "1": 4,
    "2": 4,
    "3": 4,
    "4": 4
  }
}