{
  "experiment": "prototype_recovery_sweep",
  "K": 3,
  "seed": 43,
  "num_rounds": 500,
  "num_agents": 20,
  "prototype_update_every": 7,
  "population_noise_sigma": 0.1,
  "ground_truth_probs": [
    [
      0.98,
      0.02
    ],
    [
      0.75,
      0.25
    ],
    [
      0.02,
      0.98
    ]
  ],
  "final_mce": 0.3602531119052532,
  "final_belief_accuracy": 0.7421052631578947,
  "final_belief_ce": 2.7658787547318604,
  "avg_return": 2.47294887039239,
  "learned_logits": [
    [
      0.31253370995176444,
      -0.37003545996433107
    ],
    [
      -0.5526984596584347,
      0.5499574194307475
    ],
    [
      0.8909857306945164,
      -0.8814119576188476
    ]
  ],
  "learned_probs": [
    [
      0.66431186807795,
      0.33568813192205005
    ],
    [
      0.24924259348848307,
      0.750757406511517
    ],
    [
      0.8547555936639655,
      0.1452444063360345
    ]
  ],
  "permutation_true_to_learned": [
    2,
    0,
    1
  ],
  "prototype_update_count": 72,
  "agents_per_type": {
    "0": 7,
    "1": 7,
    "2": 6
  }
}