{
  "experiment": "prototype_recovery_sweep",
  "K": 5,
  "seed": 42,
  "num_rounds": 3000,
  "num_agents": 20,
  "prototype_update_every": 7,
  "population_noise_sigma": 0.1,
  "ground_truth_probs": [
    [
      0.98,
      0.02
    ],
    [
      0.75,
      0.25
    ],
    [
      0.6,
      0.4
    ],
    [
      0.5,
      0.5
    ],
    [
      0.25,
      0.75
    ]
  ],
  "final_mce": 0.5775071514030579,
  "final_belief_accuracy": 0.49736842105263157,
  "final_belief_ce": 1.7224751213753193,
  "avg_return": 2.4887727059454385,
  "learned_logits": [
    [
      0.23599109665699647,
      -0.17167067468156413
    ],
    [
      0.6938237483669065,
      -0.7154911675780053
    ],
    [
      0.3016654755745571,
      -0.28489675528106984
    ],
    [
      0.012124609841659625,
      0.042626606494483986
    ],
    [
      0.029583770954833426,
      0.00774086067320571
    ]
  ],
  "learned_probs": [
    [
      0.600527083180925,
      0.399472916819075
    ],
    [
      0.8036578654068431,
      0.19634213459315686
    ],
    [
      0.6425759736486978,
      0.35742402635130227
    ],
    [
      0.49237509199424273,
      0.5076249080057572
    ],
    [
      0.5054605104655455,
      0.4945394895344544
    ]
  ],
  "permutation_true_to_learned": [
    1,
    2,
    0,
    4,
    3
  ],
  "prototype_update_count": 429,
  "agents_per_type": {
    "0": 4,
    "1": 4,
    "2": 4,
    "3": 4,
    "4": 4
  }
}