{
  "final_matched_cross_entropy": 0.04246046507329383,
  "permutation_true_to_learned": [
    1,
    0
  ],
  "cost_matrix": [
    [
      3.862863612202283,
      0.021228906994961952
    ],
    [
      0.021231558078331884,
      3.8629871643765337
    ]
  ],
  "final_belief_entropy": 0.0980391132797322,
  "final_belief_argmax_accuracy": 1.0,
  "cumulative_social_payoff": 452893.0,
  "mean_payoff_per_agent_per_round": 2.2619090427816566,
  "prototype_update_count": 6675,
  "num_rounds": 10000,
  "num_rounds_executed": 10000,
  "stopped_on_convergence": false,
  "convergence_round": null,
  "convergence_thresholds": null,
  "learning_frozen": false,
  "seed": 42,
  "mode": "recovery"
}