{
  "experiment": "prototype_recovery_sweep",
  "K": 3,
  "seed": 42,
  "num_rounds": 10000,
  "num_agents": 20,
  "prototype_update_every": 7,
  "population_noise_sigma": 0.1,
  "ground_truth_probs": [
    [
      0.98,
      0.02
    ],
    [
      0.75,
      0.25
    ],
    [
      0.02,
      0.98
    ]
  ],
  "final_mce": 0.27184041662724207,
  "final_belief_accuracy": 0.9921052631578947,
  "final_belief_ce": 3.814794109152948,
  "avg_return": 2.478511409382498,
  "learned_logits": [
    [
      -1.1383785261357384,
      1.202698948111169
    ],
    [
      1.3964834319725132,
      -1.4181508511836118
    ],
    [
      0.55907767974766,
      -0.542308959454173
    ]
  ],
  "learned_probs": [
    [
      0.08777760023551576,
      0.9122223997644842
    ],
    [
      0.9434615291627904,
      0.05653847083720948
    ],
    [
      0.7505198298440934,
      0.2494801701559066
    ]
  ],
  "permutation_true_to_learned": [
    1,
    2,
    0
  ],
  "prototype_update_count": 1429,
  "agents_per_type": {
    "0": 7,
    "1": 7,
    "2": 6
  }
}