{
  "experiment": "prototype_recovery_sweep",
  "K": 3,
  "seed": 42,
  "num_rounds": 3000,
  "num_agents": 20,
  "prototype_update_every": 7,
  "population_noise_sigma": 0.1,
  "ground_truth_probs": [
    [
      0.98,
      0.02
    ],
    [
      0.75,
      0.25
    ],
    [
      0.02,
      0.98
    ]
  ],
  "final_mce": 0.28367920919878103,
  "final_belief_accuracy": 0.9078947368421053,
  "final_belief_ce": 3.371207381108229,
  "avg_return": 2.476279210314263,
  "learned_logits": [
    [
      -1.06592352274062,
      1.1302439447160506
    ],
    [
      1.1553382979142115,
      -1.1770057171253105
    ],
    [
      0.5495604128117908,
      -0.5327916925183036
    ]
  ],
  "learned_probs": [
    [
      0.10009518012663676,
      0.8999048198733632
    ],
    [
      0.9115205659350349,
      0.08847943406496517
    ],
    [
      0.7469388393112499,
      0.25306116068875006
    ]
  ],
  "permutation_true_to_learned": [
    1,
    2,
    0
  ],
  "prototype_update_count": 429,
  "agents_per_type": {
    "0": 7,
    "1": 7,
    "2": 6
  }
}