{
  "experiment": "prototype_recovery_sweep",
  "K": 5,
  "seed": 43,
  "num_rounds": 2000,
  "num_agents": 50,
  "prototype_update_every": 10,
  "population_noise_sigma": 0.1,
  "ground_truth_probs": [
    [
      0.98,
      0.02
    ],
    [
      0.8,
      0.2
    ],
    [
      0.6,
      0.4
    ],
    [
      0.5,
      0.5
    ],
    [
      0.2,
      0.8
    ]
  ],
  "final_mce": 0.6653549303637352,
  "final_belief_accuracy": 0.3816326530612245,
  "final_belief_ce": 1.6112815210128855,
  "avg_return": 2.4717284745259196,
  "learned_logits": [
    [
      0.20733898698982772,
      -0.271774118733625
    ],
    [
      0.2912451412801566,
      -0.1892997337307391
    ],
    [
      0.20987326982027746,
      -0.2702351714335362
    ],
    [
      0.25666390747080375,
      -0.22025724050450216
    ],
    [
      0.28330811401925915,
      -0.2014278757004204
    ]
  ],
  "learned_probs": [
    [
      0.6175384257417926,
      0.38246157425820726
    ],
    [
      0.6178765308111139,
      0.38212346918888607
    ],
    [
      0.6177734812652267,
      0.3822265187347733
    ],
    [
      0.6170205856095274,
      0.38297941439047267
    ],
    [
      0.6188655843930447,
      0.3811344156069552
    ]
  ],
  "permutation_true_to_learned": [
    4,
    1,
    2,
    0,
    3
  ],
  "prototype_update_count": 200,
  "agents_per_type": {
    "0": 10,
    "1": 10,
    "2": 10,
    "3": 10,
    "4": 10
  }
}