{
  "experiment": "prototype_recovery_sweep",
  "K": 5,
  "seed": 42,
  "num_rounds": 50000,
  "num_agents": 20,
  "prototype_update_every": 7,
  "population_noise_sigma": 0.1,
  "ground_truth_probs": [
    [
      0.98,
      0.02
    ],
    [
      0.75,
      0.25
    ],
    [
      0.6,
      0.4
    ],
    [
      0.5,
      0.5
    ],
    [
      0.25,
      0.75
    ]
  ],
  "final_mce": 0.5335894146856104,
  "final_belief_accuracy": 0.881578947368421,
  "final_belief_ce": 3.3498227563391922,
  "avg_return": 2.486298926679118,
  "learned_logits": [
    [
      0.27136091329932127,
      -0.20704049132388633
    ],
    [
      1.0469998787904586,
      -1.0686672980015512
    ],
    [
      0.44991939163856476,
      -0.43315067134507745
    ],
    [
      -0.34695870721603095,
      0.40170992355217455
    ],
    [
      0.10482679557898907,
      -0.06750216395095039
    ]
  ],
  "learned_probs": [
    [
      0.6173703187623661,
      0.38262968123763386
    ],
    [
      0.8924166454714693,
      0.10758335452853068
    ],
    [
      0.707458009373983,
      0.2925419906260171
    ],
    [
      0.32111146869261975,
      0.6788885313073802
    ],
    [
      0.5429759368188587,
      0.45702406318114136
    ]
  ],
  "permutation_true_to_learned": [
    1,
    2,
    0,
    4,
    3
  ],
  "prototype_update_count": 7143,
  "agents_per_type": {
    "0": 4,
    "1": 4,
    "2": 4,
    "3": 4,
    "4": 4
  }
}