{
  "experiment": "prototype_recovery_sweep",
  "K": 5,
  "seed": 42,
  "num_rounds": 500,
  "num_agents": 20,
  "prototype_update_every": 7,
  "population_noise_sigma": 0.1,
  "ground_truth_probs": [
    [
      0.85,
      0.15
    ],
    [
      0.65,
      0.35
    ],
    [
      0.5,
      0.5
    ],
    [
      0.35,
      0.65
    ],
    [
      0.15,
      0.85
    ]
  ],
  "final_mce": 0.6922023988773411,
  "final_belief_accuracy": 0.35526315789473684,
  "final_belief_ce": 1.6053590838781076,
  "avg_return": 0.0,
  "learned_logits": [
    [
      0.04902427845346578,
      0.01529614352196599
    ],
    [
      0.010696560141455785,
      -0.03236397935255409
    ],
    [
      0.026526419431386235,
      -0.009757699137899697
    ],
    [
      0.04235434719092738,
      0.012396869145216012
    ],
    [
      0.03379435163828703,
      0.003530279989752077
    ]
  ],
  "learned_probs": [
    [
      0.5084312344760736,
      0.4915687655239263
    ],
    [
      0.5107634717800913,
      0.48923652821990876
    ],
    [
      0.5090700345776158,
      0.49092996542238426
    ],
    [
      0.5074888094501618,
      0.49251119054983816
    ],
    [
      0.5075654404798566,
      0.49243455952014326
    ]
  ],
  "permutation_true_to_learned": [
    1,
    2,
    0,
    4,
    3
  ],
  "prototype_update_count": 72,
  "agents_per_type": {
    "0": 4,
    "1": 4,
    "2": 4,
    "3": 4,
    "4": 4
  }
}