{
  "experiment": "prototype_recovery_sweep",
  "K": 5,
  "seed": 43,
  "num_rounds": 1000,
  "num_agents": 20,
  "prototype_update_every": 7,
  "population_noise_sigma": 0.1,
  "ground_truth_probs": [
    [
      0.98,
      0.02
    ],
    [
      0.75,
      0.25
    ],
    [
      0.6,
      0.4
    ],
    [
      0.5,
      0.5
    ],
    [
      0.25,
      0.75
    ]
  ],
  "final_mce": 0.6498552850151889,
  "final_belief_accuracy": 0.40789473684210525,
  "final_belief_ce": 1.6192868406703087,
  "avg_return": 2.4566456645664565,
  "learned_logits": [
    [
      0.19273847258092913,
      -0.25024022259349676
    ],
    [
      0.1889769247870996,
      -0.19171796501478633
    ],
    [
      0.29765250538824034,
      -0.28807873231257103
    ],
    [
      0.2561073655252511,
      -0.2236642953485596
    ],
    [
      0.20519314390313556,
      -0.20249096412087586
    ]
  ],
  "learned_probs": [
    [
      0.6089685648512952,
      0.3910314351487048
    ],
    [
      0.5940406909661207,
      0.4059593090338793
    ],
    [
      0.6423850951083713,
      0.3576149048916288
    ],
    [
      0.6176939543601827,
      0.3823060456398173
    ],
    [
      0.6005324416125372,
      0.3994675583874628
    ]
  ],
  "permutation_true_to_learned": [
    2,
    3,
    0,
    4,
    1
  ],
  "prototype_update_count": 143,
  "agents_per_type": {
    "0": 4,
    "1": 4,
    "2": 4,
    "3": 4,
    "4": 4
  }
}