{
  "experiment": "prototype_recovery_sweep",
  "K": 3,
  "seed": 43,
  "num_rounds": 5000,
  "num_agents": 20,
  "prototype_update_every": 7,
  "population_noise_sigma": 0.1,
  "ground_truth_probs": [
    [
      0.95,
      0.05
    ],
    [
      0.5,
      0.5
    ],
    [
      0.05,
      0.95
    ]
  ],
  "final_mce": 0.3774623665410433,
  "final_belief_accuracy": 0.9763157894736842,
  "final_belief_ce": 3.6601066930140536,
  "avg_return": 2.4929302584936472,
  "learned_logits": [
    [
      -0.020513146665892296,
      -0.03698860334667286
    ],
    [
      -1.0326220452129813,
      1.0298810049852947
    ],
    [
      1.091843317793001,
      -1.0822695447173338
    ]
  ],
  "learned_probs": [
    [
      0.5041187710037855,
      0.49588122899621445
    ],
    [
      0.11279510104197375,
      0.8872048989580262
    ],
    [
      0.8979006311071686,
      0.10209936889283157
    ]
  ],
  "permutation_true_to_learned": [
    2,
    0,
    1
  ],
  "prototype_update_count": 715,
  "agents_per_type": {
    "0": 7,
    "1": 7,
    "2": 6
  }
}