{
  "experiment": "prototype_recovery_sweep",
  "K": 2,
  "seed": 43,
  "num_rounds": 1000,
  "num_agents": 20,
  "prototype_update_every": 7,
  "population_noise_sigma": 0.1,
  "ground_truth_probs": [
    [
      0.98,
      0.02
    ],
    [
      0.02,
      0.98
    ]
  ],
  "final_mce": 0.11209372549248647,
  "final_belief_accuracy": 1.0,
  "final_belief_ce": 3.8576269988611678,
  "avg_return": 2.2678071228491397,
  "learned_logits": [
    [
      -1.4765206520760403,
      1.4190189020634754
    ],
    [
      1.4346571027384705,
      -1.4373981429661584
    ]
  ],
  "learned_probs": [
    [
      0.05237449981211214,
      0.9476255001878879
    ],
    [
      0.9464476127858781,
      0.05355238721412194
    ]
  ],
  "permutation_true_to_learned": [
    1,
    0
  ],
  "prototype_update_count": 143,
  "agents_per_type": {
    "0": 10,
    "1": 10
  }
}