{
  "experiment": "prototype_recovery_sweep",
  "K": 2,
  "seed": 42,
  "num_rounds": 500,
  "num_agents": 50,
  "prototype_update_every": 10,
  "population_noise_sigma": 0.1,
  "ground_truth_probs": [
    [
      0.98,
      0.02
    ],
    [
      0.02,
      0.98
    ]
  ],
  "final_mce": 0.6890320472893214,
  "final_belief_accuracy": 0.8469387755102041,
  "final_belief_ce": 0.6979470814881975,
  "avg_return": 2.2698937662858287,
  "learned_logits": [
    [
      0.002383564221511759,
      0.043669722965824116
    ],
    [
      -0.0022444434790762514,
      0.0213070233493569
    ]
  ],
  "learned_probs": [
    [
      0.48967992619309936,
      0.5103200738069007
    ],
    [
      0.49411240543049595,
      0.505887594569504
    ]
  ],
  "permutation_true_to_learned": [
    1,
    0
  ],
  "prototype_update_count": 50,
  "agents_per_type": {
    "0": 25,
    "1": 25
  }
}