{
  "experiment": "prototype_recovery_sweep",
  "K": 2,
  "seed": 42,
  "num_rounds": 5000,
  "num_agents": 20,
  "prototype_update_every": 7,
  "population_noise_sigma": 0.1,
  "ground_truth_probs": [
    [
      0.95,
      0.05
    ],
    [
      0.05,
      0.95
    ]
  ],
  "final_mce": 0.20511566304124243,
  "final_belief_accuracy": 0.9973684210526316,
  "final_belief_ce": 0.03878048731400016,
  "avg_return": 2.4598635360224765,
  "learned_logits": [
    [
      1.2662840468802279,
      -1.2019636249047974
    ],
    [
      -1.2322421125668979,
      1.210574693355799
    ]
  ],
  "learned_probs": [
    [
      0.9218856686184944,
      0.07811433138150561
    ],
    [
      0.07996543170834816,
      0.9200345682916518
    ]
  ],
  "permutation_true_to_learned": [
    0,
    1
  ],
  "prototype_update_count": 715,
  "agents_per_type": {
    "0": 10,
    "1": 10
  }
}