{
  "experiment": "prototype_recovery_sweep",
  "K": 3,
  "seed": 42,
  "num_rounds": 250,
  "num_agents": 50,
  "prototype_update_every": 10,
  "population_noise_sigma": 0.1,
  "ground_truth_probs": [
    [
      0.98,
      0.02
    ],
    [
      0.5,
      0.5
    ],
    [
      0.02,
      0.98
    ]
  ],
  "final_mce": 0.693884034315842,
  "final_belief_accuracy": 0.28244897959183674,
  "final_belief_ce": 1.0986643719047122,
  "avg_return": 2.2764518695306286,
  "learned_logits": [
    [
      0.07248573490290695,
      -0.026432447715573085
    ],
    [
      0.0581232553715841,
      -0.03906067550129996
    ],
    [
      0.01958017038022459,
      -0.07653293227410006
    ]
  ],
  "learned_probs": [
    [
      0.5247094008800148,
      0.4752905991199852
    ],
    [
      0.524276878372621,
      0.4757231216273789
    ],
    [
      0.5240097955109444,
      0.4759902044890556
    ]
  ],
  "permutation_true_to_learned": [
    0,
    1,
    2
  ],
  "prototype_update_count": 25,
  "agents_per_type": {
    "0": 17,
    "1": 17,
    "2": 16
  }
}