{
  "experiment": "prototype_recovery_sweep",
  "K": 5,
  "seed": 42,
  "num_rounds": 50,
  "num_agents": 30,
  "prototype_update_every": 7,
  "population_noise_sigma": 0.1,
  "ground_truth_probs": [
    [
      0.98,
      0.02
    ],
    [
      0.75,
      0.25
    ],
    [
      0.6,
      0.4
    ],
    [
      0.5,
      0.5
    ],
    [
      0.25,
      0.75
    ]
  ],
  "final_mce": 0.6660655547963822,
  "final_belief_accuracy": 0.16896551724137931,
  "final_belief_ce": 1.6093041923304268,
  "avg_return": 2.4796747967479673,
  "learned_logits": [
    [
      0.20987399824581338,
      -0.31076173832589343
    ],
    [
      0.27951171955609716,
      -0.24206294973288292
    ],
    [
      0.2985893784040324,
      -0.22336068765439365
    ],
    [
      0.24080925394017222,
      -0.2813630971858226
    ],
    [
      0.278319536417738,
      -0.24498595859896036
    ]
  ],
  "learned_probs": [
    [
      0.627296410765895,
      0.372703589234105
    ],
    [
      0.6275159028758127,
      0.37248409712418723
    ],
    [
      0.6276036438009187,
      0.3723963561990813
    ],
    [
      0.6276555941952289,
      0.3723444058047711
    ],
    [
      0.6279203761812753,
      0.3720796238187247
    ]
  ],
  "permutation_true_to_learned": [
    4,
    3,
    2,
    1,
    0
  ],
  "prototype_update_count": 8,
  "agents_per_type": {
    "0": 6,
    "1": 6,
    "2": 6,
    "3": 6,
    "4": 6
  }
}