{
  "experiment": "prototype_recovery_sweep",
  "K": 5,
  "seed": 42,
  "num_rounds": 50,
  "num_agents": 30,
  "prototype_update_every": 7,
  "population_noise_sigma": 0.1,
  "ground_truth_probs": [
    [
      0.95,
      0.05
    ],
    [
      0.75,
      0.25
    ],
    [
      0.5,
      0.5
    ],
    [
      0.25,
      0.75
    ],
    [
      0.05,
      0.95
    ]
  ],
  "final_mce": 0.6949125293309795,
  "final_belief_accuracy": 0.25057471264367814,
  "final_belief_ce": 1.6099390555533706,
  "avg_return": 2.4847560975609757,
  "learned_logits": [
    [
      0.022877043266495894,
      -0.12376478334657556
    ],
    [
      0.09415798298701997,
      -0.05670921316380559
    ],
    [
      0.1138413917241623,
      -0.03861270097452349
    ],
    [
      0.056408233074442926,
      -0.09696207632009303
    ],
    [
      0.09557114188610263,
      -0.06223756406732514
    ]
  ],
  "learned_probs": [
    [
      0.5365949026112813,
      0.4634050973887187
    ],
    [
      0.5376454224345087,
      0.4623545775654913
    ],
    [
      0.5380398740097934,
      0.4619601259902066
    ],
    [
      0.5382675944362475,
      0.46173240556375256
    ],
    [
      0.5393705048127574,
      0.4606294951872426
    ]
  ],
  "permutation_true_to_learned": [
    4,
    3,
    2,
    1,
    0
  ],
  "prototype_update_count": 8,
  "agents_per_type": {
    "0": 6,
    "1": 6,
    "2": 6,
    "3": 6,
    "4": 6
  }
}