{
  "experiment": "prototype_recovery_sweep",
  "K": 3,
  "seed": 42,
  "num_rounds": 50,
  "num_agents": 30,
  "prototype_update_every": 7,
  "population_noise_sigma": 0.1,
  "ground_truth_probs": [
    [
      0.95,
      0.05
    ],
    [
      0.5,
      0.5
    ],
    [
      0.05,
      0.95
    ]
  ],
  "final_mce": 0.7018135470533039,
  "final_belief_accuracy": 0.2896551724137931,
  "final_belief_ce": 1.0989696279902819,
  "avg_return": 2.475,
  "learned_logits": [
    [
      0.09282767792678528,
      -0.19371541800686587
    ],
    [
      0.15903231601827814,
      -0.12158354619506434
    ],
    [
      0.1767823913615454,
      -0.10155370061190716
    ]
  ],
  "learned_probs": [
    [
      0.57114961573931,
      0.42885038426068994
    ],
    [
      0.5696972042944042,
      0.4303027957055958
    ],
    [
      0.5691382476024225,
      0.4308617523975775
    ]
  ],
  "permutation_true_to_learned": [
    0,
    1,
    2
  ],
  "prototype_update_count": 8,
  "agents_per_type": {
    "0": 10,
    "1": 10,
    "2": 10
  }
}