{
  "experiment": "prototype_recovery_sweep",
  "K": 5,
  "seed": 43,
  "num_rounds": 10000,
  "num_agents": 20,
  "prototype_update_every": 7,
  "population_noise_sigma": 0.1,
  "ground_truth_probs": [
    [
      0.85,
      0.15
    ],
    [
      0.65,
      0.35
    ],
    [
      0.5,
      0.5
    ],
    [
      0.35,
      0.65
    ],
    [
      0.15,
      0.85
    ]
  ],
  "final_mce": 0.5895302621375155,
  "final_belief_accuracy": 0.6078947368421053,
  "final_belief_ce": 2.7852389207763304,
  "avg_return": 0.0,
  "learned_logits": [
    [
      -0.043223264162047866,
      -0.014278485850519594
    ],
    [
      0.4953046519260868,
      -0.49804569215377364
    ],
    [
      -0.5331141414439744,
      0.5426879145196433
    ],
    [
      -0.07641385792608407,
      0.1088569281027756
    ],
    [
      0.11286706591399769,
      -0.11016488613173805
    ]
  ],
  "learned_probs": [
    [
      0.4927643105868955,
      0.5072356894131045
    ],
    [
      0.7297491698948922,
      0.2702508301051078
    ],
    [
      0.2543012603230462,
      0.7456987396769538
    ],
    [
      0.45381433922579795,
      0.546185660774202
    ],
    [
      0.555528000009809,
      0.44447199999019094
    ]
  ],
  "permutation_true_to_learned": [
    1,
    4,
    0,
    3,
    2
  ],
  "prototype_update_count": 1429,
  "agents_per_type": {
    "0": 4,
    "1": 4,
    "2": 4,
    "3": 4,
    "4": 4
  }
}