{
  "experiment": "prototype_recovery_sweep",
  "K": 5,
  "seed": 42,
  "num_rounds": 20000,
  "num_agents": 20,
  "prototype_update_every": 7,
  "population_noise_sigma": 0.1,
  "ground_truth_probs": [
    [
      0.98,
      0.02
    ],
    [
      0.75,
      0.25
    ],
    [
      0.6,
      0.4
    ],
    [
      0.5,
      0.5
    ],
    [
      0.25,
      0.75
    ]
  ],
  "final_mce": 0.5419000137577005,
  "final_belief_accuracy": 0.7447368421052631,
  "final_belief_ce": 2.836919396089454,
  "avg_return": 2.486505308196015,
  "learned_logits": [
    [
      0.2877433163244692,
      -0.2234228943490355
    ],
    [
      0.9420137832613644,
      -0.9636812024724626
    ],
    [
      0.3549484045120701,
      -0.33817968421858274
    ],
    [
      -0.3060165883604617,
      0.3607678046966051
    ],
    [
      0.1233446097425664,
      -0.08601997811452759
    ]
  ],
  "learned_probs": [
    [
      0.6250798216574006,
      0.37492017834259944
    ],
    [
      0.8705347289353506,
      0.12946527106464945
    ],
    [
      0.6666624240244352,
      0.33333757597556485
    ],
    [
      0.3392172424932327,
      0.6607827575067673
    ],
    [
      0.5521507898839083,
      0.44784921011609174
    ]
  ],
  "permutation_true_to_learned": [
    1,
    2,
    0,
    4,
    3
  ],
  "prototype_update_count": 2858,
  "agents_per_type": {
    "0": 4,
    "1": 4,
    "2": 4,
    "3": 4,
    "4": 4
  }
}