{
  "experiment": "prototype_recovery_sweep",
  "K": 4,
  "seed": 43,
  "num_rounds": 5000,
  "num_agents": 20,
  "prototype_update_every": 7,
  "population_noise_sigma": 0.1,
  "ground_truth_probs": [
    [
      0.95,
      0.05
    ],
    [
      0.75,
      0.25
    ],
    [
      0.25,
      0.75
    ],
    [
      0.05,
      0.95
    ]
  ],
  "final_mce": 0.4360931138335281,
  "final_belief_accuracy": 0.6157894736842106,
  "final_belief_ce": 2.375603495197045,
  "avg_return": 2.4718433262311077,
  "learned_logits": [
    [
      0.19510976187961457,
      -0.25261151189218256
    ],
    [
      0.8039482212332743,
      -0.806689261460961
    ],
    [
      -0.8043428652943942,
      0.8139166383700632
    ],
    [
      -0.18092706711852066,
      0.21337013729521212
    ]
  ],
  "learned_probs": [
    [
      0.6100973099777934,
      0.3899026900222066
    ],
    [
      0.833499873701646,
      0.16650012629835387
    ],
    [
      0.16544504579801342,
      0.8345549542019866
    ],
    [
      0.402683265643413,
      0.597316734356587
    ]
  ],
  "permutation_true_to_learned": [
    1,
    0,
    3,
    2
  ],
  "prototype_update_count": 715,
  "agents_per_type": {
    "0": 5,
    "1": 5,
    "2": 5,
    "3": 5
  }
}