{
  "experiment": "prototype_recovery_sweep",
  "K": 5,
  "seed": 43,
  "num_rounds": 20000,
  "num_agents": 30,
  "prototype_update_every": 7,
  "population_noise_sigma": 0.1,
  "ground_truth_probs": [
    [
      0.98,
      0.02
    ],
    [
      0.75,
      0.25
    ],
    [
      0.6,
      0.4
    ],
    [
      0.5,
      0.5
    ],
    [
      0.25,
      0.75
    ]
  ],
  "final_mce": 0.5475282779037596,
  "final_belief_accuracy": 0.635632183908046,
  "final_belief_ce": 2.8214342548394704,
  "avg_return": 2.464848912651688,
  "learned_logits": [
    [
      -0.2604592924948122,
      0.2678085921843343
    ],
    [
      0.23500861227197378,
      -0.26718377459049353
    ],
    [
      0.3618080288082354,
      -0.3093428184471922
    ],
    [
      0.15267200011938864,
      -0.13587404202431846
    ],
    [
      0.9998569033310659,
      -0.8436368367028367
    ]
  ],
  "learned_probs": [
    [
      0.3709209669573037,
      0.6290790330426964
    ],
    [
      0.6229744117588869,
      0.37702558824111304
    ],
    [
      0.6617608052406816,
      0.3382391947593184
    ],
    [
      0.5716401427732438,
      0.4283598572267562
    ],
    [
      0.8633613821832739,
      0.13663861781672618
    ]
  ],
  "permutation_true_to_learned": [
    4,
    2,
    1,
    3,
    0
  ],
  "prototype_update_count": 2858,
  "agents_per_type": {
    "0": 6,
    "1": 6,
    "2": 6,
    "3": 6,
    "4": 6
  }
}