{
  "experiment": "prototype_recovery_sweep",
  "K": 5,
  "seed": 43,
  "num_rounds": 5000,
  "num_agents": 20,
  "prototype_update_every": 7,
  "population_noise_sigma": 0.1,
  "ground_truth_probs": [
    [
      0.85,
      0.15
    ],
    [
      0.65,
      0.35
    ],
    [
      0.5,
      0.5
    ],
    [
      0.35,
      0.65
    ],
    [
      0.15,
      0.85
    ]
  ],
  "final_mce": 0.5915136420930837,
  "final_belief_accuracy": 0.5842105263157895,
  "final_belief_ce": 2.8142222702287008,
  "avg_return": 0.0,
  "learned_logits": [
    [
      -0.013824404818337662,
      -0.04367734519422983
    ],
    [
      0.47920819044521024,
      -0.48194923067289747
    ],
    [
      -0.525183882564747,
      0.5347576556404158
    ],
    [
      -0.05429851326730329,
      0.08674158344399482
    ],
    [
      0.11594258916620194,
      -0.11324040938394235
    ]
  ],
  "learned_probs": [
    [
      0.5074626808749853,
      0.49253731912501475
    ],
    [
      0.7233534802599467,
      0.27664651974005333
    ],
    [
      0.25732062698077296,
      0.742679373019227
    ],
    [
      0.4647983100589966,
      0.5352016899410034
    ],
    [
      0.5570462723916093,
      0.44295372760839075
    ]
  ],
  "permutation_true_to_learned": [
    1,
    4,
    0,
    3,
    2
  ],
  "prototype_update_count": 715,
  "agents_per_type": {
    "0": 4,
    "1": 4,
    "2": 4,
    "3": 4,
    "4": 4
  }
}