{
  "experiment": "prototype_recovery_sweep",
  "K": 2,
  "seed": 42,
  "num_rounds": 1000,
  "num_agents": 20,
  "prototype_update_every": 7,
  "population_noise_sigma": 0.1,
  "ground_truth_probs": [
    [
      0.95,
      0.05
    ],
    [
      0.05,
      0.95
    ]
  ],
  "final_mce": 0.2100684171907649,
  "final_belief_accuracy": 1.0,
  "final_belief_ce": 0.02943352403863783,
  "avg_return": 2.4548397040690504,
  "learned_logits": [
    [
      1.2230806868394024,
      -1.1587602648639723
    ],
    [
      -1.136064215796686,
      1.1143967965855868
    ]
  ],
  "learned_probs": [
    [
      0.9154320627973739,
      0.08456793720262601
    ],
    [
      0.09530970633627271,
      0.9046902936637273
    ]
  ],
  "permutation_true_to_learned": [
    0,
    1
  ],
  "prototype_update_count": 143,
  "agents_per_type": {
    "0": 10,
    "1": 10
  }
}