{
  "experiment": "prototype_recovery_sweep",
  "K": 3,
  "seed": 42,
  "num_rounds": 500,
  "num_agents": 20,
  "prototype_update_every": 7,
  "population_noise_sigma": 0.1,
  "ground_truth_probs": [
    [
      0.85,
      0.15
    ],
    [
      0.5,
      0.5
    ],
    [
      0.15,
      0.85
    ]
  ],
  "final_mce": 0.6865304130173943,
  "final_belief_accuracy": 0.631578947368421,
  "final_belief_ce": 1.1117566331712851,
  "avg_return": 0.0,
  "learned_logits": [
    [
      0.06400354938733502,
      0.0003168725880965482
    ],
    [
      0.05433438641074443,
      -0.07600180562184333
    ],
    [
      0.04957695708734513,
      -0.03280823679385874
    ]
  ],
  "learned_probs": [
    [
      0.5159162898670138,
      0.48408371013298623
    ],
    [
      0.5325379993764958,
      0.4674620006235042
    ],
    [
      0.5205846568990732,
      0.47941534310092676
    ]
  ],
  "permutation_true_to_learned": [
    1,
    2,
    0
  ],
  "prototype_update_count": 72,
  "agents_per_type": {
    "0": 7,
    "1": 7,
    "2": 6
  }
}