{
  "experiment": "prototype_recovery_sweep",
  "K": 5,
  "seed": 42,
  "num_rounds": 1000,
  "num_agents": 20,
  "prototype_update_every": 7,
  "population_noise_sigma": 0.1,
  "ground_truth_probs": [
    [
      0.98,
      0.02
    ],
    [
      0.75,
      0.25
    ],
    [
      0.6,
      0.4
    ],
    [
      0.5,
      0.5
    ],
    [
      0.25,
      0.75
    ]
  ],
  "final_mce": 0.6645331589498504,
  "final_belief_accuracy": 0.39210526315789473,
  "final_belief_ce": 1.6027548750513347,
  "avg_return": 2.4889958030504657,
  "learned_logits": [
    [
      0.2995548352817023,
      -0.2352344133062699
    ],
    [
      0.265222412425877,
      -0.2868898316369758
    ],
    [
      0.2779854263244057,
      -0.2612167060309187
    ],
    [
      0.2917595181029496,
      -0.2370083017668062
    ],
    [
      0.2832798234523342,
      -0.2459551918242951
    ]
  ],
  "learned_probs": [
    [
      0.630599433770239,
      0.369400566229761
    ],
    [
      0.634625508788601,
      0.36537449121139903
    ],
    [
      0.6316267938750688,
      0.3683732061249312
    ],
    [
      0.629195679692006,
      0.370804320307994
    ],
    [
      0.6293046737597169,
      0.370695326240283
    ]
  ],
  "permutation_true_to_learned": [
    1,
    2,
    0,
    4,
    3
  ],
  "prototype_update_count": 143,
  "agents_per_type": {
    "0": 4,
    "1": 4,
    "2": 4,
    "3": 4,
    "4": 4
  }
}