{
  "experiment": "prototype_recovery_sweep",
  "K": 3,
  "seed": 42,
  "num_rounds": 500,
  "num_agents": 20,
  "prototype_update_every": 7,
  "population_noise_sigma": 0.1,
  "ground_truth_probs": [
    [
      0.95,
      0.05
    ],
    [
      0.5,
      0.5
    ],
    [
      0.05,
      0.95
    ]
  ],
  "final_mce": 0.652327378778827,
  "final_belief_accuracy": 0.6684210526315789,
  "final_belief_ce": 1.1548007101147526,
  "avg_return": 2.511150479366403,
  "learned_logits": [
    [
      0.03150512211798284,
      0.03281529985744881
    ],
    [
      0.13778588364632674,
      -0.15945330285742595
    ],
    [
      0.0504410078896042,
      -0.033672287596118004
    ]
  ],
  "learned_probs": [
    [
      0.4996724556119878,
      0.5003275443880122
    ],
    [
      0.5737674746983015,
      0.42623252530169853
    ],
    [
      0.5210159346060917,
      0.4789840653939083
    ]
  ],
  "permutation_true_to_learned": [
    1,
    2,
    0
  ],
  "prototype_update_count": 72,
  "agents_per_type": {
    "0": 7,
    "1": 7,
    "2": 6
  }
}