{
  "experiment": "prototype_recovery_sweep",
  "K": 3,
  "seed": 43,
  "num_rounds": 500,
  "num_agents": 50,
  "prototype_update_every": 10,
  "population_noise_sigma": 0.1,
  "ground_truth_probs": [
    [
      0.98,
      0.02
    ],
    [
      0.5,
      0.5
    ],
    [
      0.02,
      0.98
    ]
  ],
  "final_mce": 0.6932605043014505,
  "final_belief_accuracy": 0.5746938775510204,
  "final_belief_ce": 1.099851675419029,
  "avg_return": 2.2610901133877066,
  "learned_logits": [
    [
      0.009556477098583052,
      -0.07399160884237946
    ],
    [
      0.09531243705733725,
      0.006632970492080805
    ],
    [
      0.013370578498382257,
      -0.07373248011164078
    ]
  ],
  "learned_probs": [
    [
      0.5208748801839763,
      0.4791251198160237
    ],
    [
      0.522155349316803,
      0.47784465068319704
    ],
    [
      0.5217620074664713,
      0.4782379925335287
    ]
  ],
  "permutation_true_to_learned": [
    1,
    2,
    0
  ],
  "prototype_update_count": 50,
  "agents_per_type": {
    "0": 17,
    "1": 17,
    "2": 16
  }
}