{
  "experiment": "prototype_recovery_sweep",
  "K": 5,
  "seed": 42,
  "num_rounds": 300,
  "num_agents": 50,
  "prototype_update_every": 10,
  "population_noise_sigma": 0.1,
  "ground_truth_probs": [
    [
      0.98,
      0.02
    ],
    [
      0.8,
      0.2
    ],
    [
      0.6,
      0.4
    ],
    [
      0.5,
      0.5
    ],
    [
      0.2,
      0.8
    ]
  ],
  "final_mce": 0.6655560830086644,
  "final_belief_accuracy": 0.3004081632653061,
  "final_belief_ce": 1.6084132141306748,
  "avg_return": 2.4790268456375837,
  "learned_logits": [
    [
      0.2533228371092925,
      -0.20726954992195876
    ],
    [
      0.23945517512131723,
      -0.22039259525103366
    ],
    [
      0.20121445653393027,
      -0.258167218427806
    ],
    [
      0.19738980227806877,
      -0.26184255881862634
    ],
    [
      0.20543396282475557,
      -0.24978457711150298
    ]
  ],
  "learned_probs": [
    [
      0.613154697397388,
      0.3868453026026119
    ],
    [
      0.6129780624190492,
      0.3870219375809509
    ],
    [
      0.6128674820070636,
      0.38713251799293635
    ],
    [
      0.6128320550633841,
      0.38716794493661577
    ],
    [
      0.6118792697965274,
      0.3881207302034725
    ]
  ],
  "permutation_true_to_learned": [
    0,
    1,
    2,
    3,
    4
  ],
  "prototype_update_count": 30,
  "agents_per_type": {
    "0": 10,
    "1": 10,
    "2": 10,
    "3": 10,
    "4": 10
  }
}