{
  "experiment": "prototype_recovery_sweep",
  "K": 4,
  "seed": 43,
  "num_rounds": 1000,
  "num_agents": 20,
  "prototype_update_every": 7,
  "population_noise_sigma": 0.1,
  "ground_truth_probs": [
    [
      0.95,
      0.05
    ],
    [
      0.75,
      0.25
    ],
    [
      0.25,
      0.75
    ],
    [
      0.05,
      0.95
    ]
  ],
  "final_mce": 0.46413681006857366,
  "final_belief_accuracy": 0.5526315789473685,
  "final_belief_ce": 1.8999875115659128,
  "avg_return": 2.4559808134305987,
  "learned_logits": [
    [
      0.16958420130832264,
      -0.2270859513208905
    ],
    [
      0.665115055755135,
      -0.6678560959828223
    ],
    [
      -0.7101510242199964,
      0.7197247972956655
    ],
    [
      -0.06395768401000647,
      0.09640075418669782
    ]
  ],
  "learned_probs": [
    [
      0.5978873662509613,
      0.40211263374903883
    ],
    [
      0.7913316734383408,
      0.20866832656165932
    ],
    [
      0.19311803341674172,
      0.8068819665832582
    ],
    [
      0.45999607823308997,
      0.54000392176691
    ]
  ],
  "permutation_true_to_learned": [
    1,
    0,
    3,
    2
  ],
  "prototype_update_count": 143,
  "agents_per_type": {
    "0": 5,
    "1": 5,
    "2": 5,
    "3": 5
  }
}