{
  "experiment": "prototype_recovery_sweep",
  "K": 4,
  "seed": 42,
  "num_rounds": 500,
  "num_agents": 20,
  "prototype_update_every": 7,
  "population_noise_sigma": 0.1,
  "ground_truth_probs": [
    [
      0.95,
      0.05
    ],
    [
      0.75,
      0.25
    ],
    [
      0.25,
      0.75
    ],
    [
      0.05,
      0.95
    ]
  ],
  "final_mce": 0.6742208436251387,
  "final_belief_accuracy": 0.5,
  "final_belief_ce": 1.420000551415763,
  "avg_return": 2.4715873996294007,
  "learned_logits": [
    [
      0.04783766348851824,
      0.016482758486913624
    ],
    [
      -0.04994975336752798,
      0.028282334156428383
    ],
    [
      0.008859271184045576,
      0.007909449109440539
    ],
    [
      0.06573449226896563,
      -0.010983275932820925
    ]
  ],
  "learned_probs": [
    [
      0.5078380841062431,
      0.49216191589375685
    ],
    [
      0.4804519470319534,
      0.5195480529680466
    ],
    [
      0.5002374555007993,
      0.4997625444992007
    ],
    [
      0.5191700406811766,
      0.4808299593188235
    ]
  ],
  "permutation_true_to_learned": [
    3,
    0,
    2,
    1
  ],
  "prototype_update_count": 72,
  "agents_per_type": {
    "0": 5,
    "1": 5,
    "2": 5,
    "3": 5
  }
}