{
  "experiment": "prototype_recovery_sweep",
  "K": 5,
  "seed": 42,
  "num_rounds": 5000,
  "num_agents": 20,
  "prototype_update_every": 7,
  "population_noise_sigma": 0.1,
  "ground_truth_probs": [
    [
      0.85,
      0.15
    ],
    [
      0.65,
      0.35
    ],
    [
      0.5,
      0.5
    ],
    [
      0.35,
      0.65
    ],
    [
      0.15,
      0.85
    ]
  ],
  "final_mce": 0.5876871808796148,
  "final_belief_accuracy": 0.5763157894736842,
  "final_belief_ce": 2.167516957034775,
  "avg_return": 0.0,
  "learned_logits": [
    [
      0.05045686709270828,
      0.01386355488272348
    ],
    [
      0.4979533988506363,
      -0.519620818061734
    ],
    [
      0.10150542024938052,
      -0.08473669995589397
    ],
    [
      -0.46851212893032224,
      0.5232633452664653
    ],
    [
      -0.21457489373892216,
      0.25189952536696125
    ]
  ],
  "learned_probs": [
    [
      0.5091473073344935,
      0.4908526926655065
    ],
    [
      0.7344998170769983,
      0.26550018292300176
    ],
    [
      0.5464264115311307,
      0.45357358846886925
    ],
    [
      0.270561530926498,
      0.729438469073502
    ],
    [
      0.385451040050181,
      0.6145489599498191
    ]
  ],
  "permutation_true_to_learned": [
    1,
    2,
    0,
    4,
    3
  ],
  "prototype_update_count": 715,
  "agents_per_type": {
    "0": 4,
    "1": 4,
    "2": 4,
    "3": 4,
    "4": 4
  }
}