{
  "experiment": "prototype_recovery_sweep",
  "K": 5,
  "seed": 42,
  "num_rounds": 50,
  "num_agents": 30,
  "prototype_update_every": 7,
  "population_noise_sigma": 0.1,
  "ground_truth_probs": [
    [
      0.85,
      0.15
    ],
    [
      0.65,
      0.35
    ],
    [
      0.5,
      0.5
    ],
    [
      0.35,
      0.65
    ],
    [
      0.15,
      0.85
    ]
  ],
  "final_mce": 0.6942842241330942,
  "final_belief_accuracy": 0.2425287356321839,
  "final_belief_ce": 1.609921631289572,
  "avg_return": 0.0,
  "learned_logits": [
    [
      0.009916846805507973,
      -0.1108045868855877
    ],
    [
      0.08121330494730068,
      -0.04376453512408621
    ],
    [
      0.1008986049353959,
      -0.025669914185756953
    ],
    [
      0.04346562331170377,
      -0.08401946655735414
    ],
    [
      0.0826205492455844,
      -0.04928697142680666
    ]
  ],
  "learned_probs": [
    [
      0.5301437585596177,
      0.46985624144038235
    ],
    [
      0.5312038549721109,
      0.46879614502788913
    ],
    [
      0.531599956177147,
      0.46840004382285305
    ],
    [
      0.5318281769897031,
      0.46817182301029703
    ],
    [
      0.532929147858106,
      0.467070852141894
    ]
  ],
  "permutation_true_to_learned": [
    4,
    3,
    2,
    1,
    0
  ],
  "prototype_update_count": 8,
  "agents_per_type": {
    "0": 6,
    "1": 6,
    "2": 6,
    "3": 6,
    "4": 6
  }
}