{
  "experiment": "prototype_recovery_sweep",
  "K": 5,
  "seed": 42,
  "num_rounds": 500,
  "num_agents": 20,
  "prototype_update_every": 7,
  "population_noise_sigma": 0.1,
  "ground_truth_probs": [
    [
      0.98,
      0.02
    ],
    [
      0.75,
      0.25
    ],
    [
      0.6,
      0.4
    ],
    [
      0.5,
      0.5
    ],
    [
      0.25,
      0.75
    ]
  ],
  "final_mce": 0.6657986264732484,
  "final_belief_accuracy": 0.34210526315789475,
  "final_belief_ce": 1.6085593098842819,
  "avg_return": 2.4795098846787478,
  "learned_logits": [
    [
      0.28380148607246797,
      -0.21948106409703563
    ],
    [
      0.24217056974268056,
      -0.2638379889537793
    ],
    [
      0.2603673483157399,
      -0.24359862802225296
    ],
    [
      0.27855893665535975,
      -0.22380772031921653
    ],
    [
      0.26988077103281993,
      -0.23255613940478048
    ]
  ],
  "learned_probs": [
    [
      0.6232304320185262,
      0.3767695679814739
    ],
    [
      0.6238703223424108,
      0.3761296776575892
    ],
    [
      0.6233908967085657,
      0.37660910329143427
    ],
    [
      0.6230153429739624,
      0.3769846570260375
    ],
    [
      0.6230318430672924,
      0.37696815693270763
    ]
  ],
  "permutation_true_to_learned": [
    1,
    2,
    0,
    4,
    3
  ],
  "prototype_update_count": 72,
  "agents_per_type": {
    "0": 4,
    "1": 4,
    "2": 4,
    "3": 4,
    "4": 4
  }
}