{
  "experiment": "prototype_recovery_sweep",
  "K": 3,
  "seed": 43,
  "num_rounds": 2000,
  "num_agents": 20,
  "prototype_update_every": 7,
  "population_noise_sigma": 0.1,
  "ground_truth_probs": [
    [
      0.85,
      0.15
    ],
    [
      0.5,
      0.5
    ],
    [
      0.15,
      0.85
    ]
  ],
  "final_mce": 0.5377336639705647,
  "final_belief_accuracy": 0.8289473684210527,
  "final_belief_ce": 2.067270516458794,
  "avg_return": 0.0,
  "learned_logits": [
    [
      -0.07569942568339173,
      0.01819767567082722
    ],
    [
      0.5363474107177271,
      -0.5390884509454145
    ],
    [
      -0.49166772565232986,
      0.501241498727999
    ]
  ],
  "learned_probs": [
    [
      0.4765429565385736,
      0.5234570434614264
    ],
    [
      0.7456292912242665,
      0.25437070877573353
    ],
    [
      0.27033783448355025,
      0.7296621655164498
    ]
  ],
  "permutation_true_to_learned": [
    1,
    0,
    2
  ],
  "prototype_update_count": 286,
  "agents_per_type": {
    "0": 7,
    "1": 7,
    "2": 6
  }
}