{
  "experiment": "prototype_recovery_sweep",
  "K": 4,
  "seed": 43,
  "num_rounds": 10000,
  "num_agents": 20,
  "prototype_update_every": 7,
  "population_noise_sigma": 0.1,
  "ground_truth_probs": [
    [
      0.95,
      0.05
    ],
    [
      0.75,
      0.25
    ],
    [
      0.25,
      0.75
    ],
    [
      0.05,
      0.95
    ]
  ],
  "final_mce": 0.4260931476063081,
  "final_belief_accuracy": 0.7105263157894737,
  "final_belief_ce": 2.6902083858030816,
  "avg_return": 2.471763470958712,
  "learned_logits": [
    [
      0.24723531508728133,
      -0.3047370650998498
    ],
    [
      0.8151388254356818,
      -0.817879865663369
    ],
    [
      -0.8463194236121158,
      0.8558931966877845
    ],
    [
      -0.2341895434593038,
      0.26663261363599555
    ]
  ],
  "learned_probs": [
    [
      0.6345930771058055,
      0.36540692289419446
    ],
    [
      0.8365827496562637,
      0.1634172503437363
    ],
    [
      0.15417650504210478,
      0.8458234949578953
    ],
    [
      0.37734747829019577,
      0.6226525217098041
    ]
  ],
  "permutation_true_to_learned": [
    1,
    0,
    3,
    2
  ],
  "prototype_update_count": 1429,
  "agents_per_type": {
    "0": 5,
    "1": 5,
    "2": 5,
    "3": 5
  }
}