{
  "experiment": "prototype_recovery_sweep",
  "K": 3,
  "seed": 42,
  "num_rounds": 1000,
  "num_agents": 20,
  "prototype_update_every": 7,
  "population_noise_sigma": 0.1,
  "ground_truth_probs": [
    [
      0.98,
      0.02
    ],
    [
      0.75,
      0.25
    ],
    [
      0.02,
      0.98
    ]
  ],
  "final_mce": 0.3071849108070232,
  "final_belief_accuracy": 0.7842105263157895,
  "final_belief_ce": 2.819949603133762,
  "avg_return": 2.4759600535364976,
  "learned_logits": [
    [
      -0.8344422107695528,
      0.898762632744984
    ],
    [
      1.0324310642833638,
      -1.0540984834944624
    ],
    [
      0.4681022808594554,
      -0.45133356056596846
    ]
  ],
  "learned_probs": [
    [
      0.15017810401977852,
      0.8498218959802215
    ],
    [
      0.889587011612921,
      0.11041298838707898
    ],
    [
      0.7149271405585269,
      0.28507285944147315
    ]
  ],
  "permutation_true_to_learned": [
    1,
    2,
    0
  ],
  "prototype_update_count": 143,
  "agents_per_type": {
    "0": 7,
    "1": 7,
    "2": 6
  }
}