{
  "experiment": "prototype_recovery_sweep",
  "K": 5,
  "seed": 42,
  "num_rounds": 2000,
  "num_agents": 50,
  "prototype_update_every": 10,
  "population_noise_sigma": 0.1,
  "ground_truth_probs": [
    [
      0.98,
      0.02
    ],
    [
      0.8,
      0.2
    ],
    [
      0.6,
      0.4
    ],
    [
      0.5,
      0.5
    ],
    [
      0.2,
      0.8
    ]
  ],
  "final_mce": 0.6646966040109235,
  "final_belief_accuracy": 0.38040816326530613,
  "final_belief_ce": 1.6031899219552574,
  "avg_return": 2.476489734601903,
  "learned_logits": [
    [
      0.2741828691137856,
      -0.22812958192645133
    ],
    [
      0.259573141197959,
      -0.2405105613276752
    ],
    [
      0.22086734896887003,
      -0.2778201108627454
    ],
    [
      0.21689361533765786,
      -0.28134637187821576
    ],
    [
      0.22091408350813752,
      -0.265264697794885
    ]
  ],
  "learned_probs": [
    [
      0.6230026116916733,
      0.3769973883083268
    ],
    [
      0.6224790014044652,
      0.3775209985955349
    ],
    [
      0.6221508298478763,
      0.3778491701521237
    ],
    [
      0.6220456326064,
      0.37795436739359994
    ],
    [
      0.6192058386353869,
      0.3807941613646131
    ]
  ],
  "permutation_true_to_learned": [
    0,
    1,
    2,
    3,
    4
  ],
  "prototype_update_count": 200,
  "agents_per_type": {
    "0": 10,
    "1": 10,
    "2": 10,
    "3": 10,
    "4": 10
  }
}