{
  "experiment": "prototype_recovery_sweep",
  "K": 5,
  "seed": 43,
  "num_rounds": 50000,
  "num_agents": 20,
  "prototype_update_every": 7,
  "population_noise_sigma": 0.1,
  "ground_truth_probs": [
    [
      0.98,
      0.02
    ],
    [
      0.75,
      0.25
    ],
    [
      0.6,
      0.4
    ],
    [
      0.5,
      0.5
    ],
    [
      0.25,
      0.75
    ]
  ],
  "final_mce": 0.5323533615701903,
  "final_belief_accuracy": 0.8157894736842105,
  "final_belief_ce": 3.509846575524891,
  "avg_return": 2.459983110339114,
  "learned_logits": [
    [
      0.15266700822053184,
      -0.2101687582330996
    ],
    [
      -0.4176569061279273,
      0.41491586590024054
    ],
    [
      1.0642959493117752,
      -1.0547221762361016
    ],
    [
      0.4473950740318692,
      -0.41495200385517694
    ],
    [
      0.07233957895183359,
      -0.06963739916957411
    ]
  ],
  "learned_probs": [
    [
      0.5897267194061087,
      0.4102732805938914
    ],
    [
      0.3031013460362028,
      0.6968986539637972
    ],
    [
      0.8927379445029154,
      0.1072620554970846
    ],
    [
      0.7031507928162269,
      0.29684920718377295
    ],
    [
      0.5354347416454759,
      0.4645652583545241
    ]
  ],
  "permutation_true_to_learned": [
    2,
    3,
    0,
    4,
    1
  ],
  "prototype_update_count": 7143,
  "agents_per_type": {
    "0": 4,
    "1": 4,
    "2": 4,
    "3": 4,
    "4": 4
  }
}