{
  "experiment": "prototype_recovery_sweep",
  "K": 5,
  "seed": 42,
  "num_rounds": 20000,
  "num_agents": 30,
  "prototype_update_every": 7,
  "population_noise_sigma": 0.1,
  "ground_truth_probs": [
    [
      0.98,
      0.02
    ],
    [
      0.75,
      0.25
    ],
    [
      0.6,
      0.4
    ],
    [
      0.5,
      0.5
    ],
    [
      0.25,
      0.75
    ]
  ],
  "final_mce": 0.5481922657751642,
  "final_belief_accuracy": 0.6298850574712643,
  "final_belief_ce": 0.9934737160972074,
  "avg_return": 2.4710218708511764,
  "learned_logits": [
    [
      0.8536636362276734,
      -0.9545513763077531
    ],
    [
      0.3126886161858416,
      -0.27523984636262755
    ],
    [
      0.2397880003432974,
      -0.16455930959365966
    ],
    [
      0.125169650877153,
      -0.16572349412280366
    ],
    [
      -0.2831934161975532,
      0.316526994016331
    ]
  ],
  "learned_probs": [
    [
      0.8591460039744799,
      0.14085399602552007
    ],
    [
      0.6428896977796997,
      0.3571103022203003
    ],
    [
      0.5997316984761513,
      0.40026830152384874
    ],
    [
      0.5722147755412624,
      0.4277852244587377
    ],
    [
      0.35440766211569147,
      0.6455923378843085
    ]
  ],
  "permutation_true_to_learned": [
    0,
    1,
    2,
    3,
    4
  ],
  "prototype_update_count": 2858,
  "agents_per_type": {
    "0": 6,
    "1": 6,
    "2": 6,
    "3": 6,
    "4": 6
  }
}