{
  "experiment": "prototype_recovery_sweep",
  "K": 4,
  "seed": 43,
  "num_rounds": 500,
  "num_agents": 20,
  "prototype_update_every": 7,
  "population_noise_sigma": 0.1,
  "ground_truth_probs": [
    [
      0.95,
      0.05
    ],
    [
      0.75,
      0.25
    ],
    [
      0.25,
      0.75
    ],
    [
      0.05,
      0.95
    ]
  ],
  "final_mce": 0.6371055942389462,
  "final_belief_accuracy": 0.5131578947368421,
  "final_belief_ce": 1.282605340167112,
  "avg_return": 2.4577311423480497,
  "learned_logits": [
    [
      -0.012525607828612905,
      -0.04497614218395498
    ],
    [
      0.09280691207939519,
      -0.09554795230708231
    ],
    [
      -0.1428923615463838,
      0.15246613462205277
    ],
    [
      -0.012201526977534256,
      0.04464459715422549
    ]
  ],
  "learned_probs": [
    [
      0.5081119217550611,
      0.49188807824493885
    ],
    [
      0.5469499921916471,
      0.4530500078083528
    ],
    [
      0.4266925275274237,
      0.5733074724725763
    ],
    [
      0.48579229475612573,
      0.5142077052438743
    ]
  ],
  "permutation_true_to_learned": [
    1,
    0,
    3,
    2
  ],
  "prototype_update_count": 72,
  "agents_per_type": {
    "0": 5,
    "1": 5,
    "2": 5,
    "3": 5
  }
}