{
  "experiment": "prototype_recovery_sweep",
  "K": 4,
  "seed": 42,
  "num_rounds": 5000,
  "num_agents": 20,
  "prototype_update_every": 7,
  "population_noise_sigma": 0.1,
  "ground_truth_probs": [
    [
      0.95,
      0.05
    ],
    [
      0.75,
      0.25
    ],
    [
      0.25,
      0.75
    ],
    [
      0.05,
      0.95
    ]
  ],
  "final_mce": 0.44228139562490415,
  "final_belief_accuracy": 0.6026315789473684,
  "final_belief_ce": 3.3698255084544564,
  "avg_return": 2.4788353953199254,
  "learned_logits": [
    [
      0.2637587890534956,
      -0.19943836707806425
    ],
    [
      -0.7948063845469284,
      0.7731389653358288
    ],
    [
      -0.1031421768837378,
      0.11991089717722399
    ],
    [
      0.8723149674131808,
      -0.8175637510770372
    ]
  ],
  "learned_probs": [
    [
      0.6137723558475365,
      0.38622764415246347
    ],
    [
      0.1725094956491626,
      0.8274905043508375
    ],
    [
      0.44446678461925276,
      0.5555332153807472
    ],
    [
      0.8442082095120426,
      0.15579179048795752
    ]
  ],
  "permutation_true_to_learned": [
    3,
    0,
    2,
    1
  ],
  "prototype_update_count": 715,
  "agents_per_type": {
    "0": 5,
    "1": 5,
    "2": 5,
    "3": 5
  }
}