{
  "experiment": "prototype_recovery_sweep",
  "K": 5,
  "seed": 43,
  "num_rounds": 500,
  "num_agents": 50,
  "prototype_update_every": 10,
  "population_noise_sigma": 0.1,
  "ground_truth_probs": [
    [
      0.98,
      0.02
    ],
    [
      0.8,
      0.2
    ],
    [
      0.6,
      0.4
    ],
    [
      0.5,
      0.5
    ],
    [
      0.2,
      0.8
    ]
  ],
  "final_mce": 0.6658471376978368,
  "final_belief_accuracy": 0.3130612244897959,
  "final_belief_ce": 1.610041774597299,
  "avg_return": 2.463346613545817,
  "learned_logits": [
    [
      0.21700389770222456,
      -0.2814390294460218
    ],
    [
      0.3004427752753946,
      -0.19849736772597704
    ],
    [
      0.21921336026241997,
      -0.27957526187567844
    ],
    [
      0.2670437047921842,
      -0.23063703782588313
    ],
    [
      0.29113724799879254,
      -0.20925700967995384
    ]
  ],
  "learned_probs": [
    [
      0.6220933435896456,
      0.3779066564103544
    ],
    [
      0.6222102285652156,
      0.3777897714347845
    ],
    [
      0.6221746107055202,
      0.3778253892944799
    ],
    [
      0.6219141425103212,
      0.37808585748967877
    ],
    [
      0.6225519787456512,
      0.3774480212543488
    ]
  ],
  "permutation_true_to_learned": [
    4,
    1,
    2,
    0,
    3
  ],
  "prototype_update_count": 50,
  "agents_per_type": {
    "0": 10,
    "1": 10,
    "2": 10,
    "3": 10,
    "4": 10
  }
}