{
  "experiment": "prototype_recovery_sweep",
  "K": 3,
  "seed": 42,
  "num_rounds": 2000,
  "num_agents": 50,
  "prototype_update_every": 10,
  "population_noise_sigma": 0.1,
  "ground_truth_probs": [
    [
      0.98,
      0.02
    ],
    [
      0.5,
      0.5
    ],
    [
      0.02,
      0.98
    ]
  ],
  "final_mce": 0.6920604124899893,
  "final_belief_accuracy": 0.6012244897959184,
  "final_belief_ce": 1.094660903064776,
  "avg_return": 2.273286951298864,
  "learned_logits": [
    [
      0.057669443282763445,
      -0.011616156095429627
    ],
    [
      0.04117896603723863,
      -0.022116386166954605
    ],
    [
      0.001166182699478498,
      -0.05811894459335376
    ]
  ],
  "learned_probs": [
    [
      0.5173144738959189,
      0.48268552610408105
    ],
    [
      0.5158185572443661,
      0.4841814427556339
    ],
    [
      0.5148169422859893,
      0.4851830577140108
    ]
  ],
  "permutation_true_to_learned": [
    0,
    1,
    2
  ],
  "prototype_update_count": 200,
  "agents_per_type": {
    "0": 17,
    "1": 17,
    "2": 16
  }
}