{
  "experiment": "prototype_recovery_sweep",
  "K": 5,
  "seed": 43,
  "num_rounds": 20000,
  "num_agents": 20,
  "prototype_update_every": 7,
  "population_noise_sigma": 0.1,
  "ground_truth_probs": [
    [
      0.98,
      0.02
    ],
    [
      0.75,
      0.25
    ],
    [
      0.6,
      0.4
    ],
    [
      0.5,
      0.5
    ],
    [
      0.25,
      0.75
    ]
  ],
  "final_mce": 0.5386137305137904,
  "final_belief_accuracy": 0.7736842105263158,
  "final_belief_ce": 3.5075164938197387,
  "avg_return": 2.460471892509492,
  "learned_logits": [
    [
      0.17248264911546626,
      -0.22998439912803406
    ],
    [
      -0.3720053207800335,
      0.3692642805523463
    ],
    [
      0.9731242877829502,
      -0.9635505147072808
    ],
    [
      0.3936248749396138,
      -0.3611818047629216
    ],
    [
      0.09580358905860815,
      -0.09310140927634863
    ]
  ],
  "learned_probs": [
    [
      0.5992802503863519,
      0.4007197496136482
    ],
    [
      0.32272657931612736,
      0.6772734206838726
    ],
    [
      0.8739863807519799,
      0.12601361924802013
    ],
    [
      0.6802251473460985,
      0.3197748526539015
    ],
    [
      0.5470863094931842,
      0.45291369050681585
    ]
  ],
  "permutation_true_to_learned": [
    2,
    3,
    0,
    4,
    1
  ],
  "prototype_update_count": 2858,
  "agents_per_type": {
    "0": 4,
    "1": 4,
    "2": 4,
    "3": 4,
    "4": 4
  }
}