{
  "experiment": "prototype_recovery_sweep",
  "K": 3,
  "seed": 42,
  "num_rounds": 5000,
  "num_agents": 20,
  "prototype_update_every": 7,
  "population_noise_sigma": 0.1,
  "ground_truth_probs": [
    [
      0.95,
      0.05
    ],
    [
      0.5,
      0.5
    ],
    [
      0.05,
      0.95
    ]
  ],
  "final_mce": 0.3784022901532462,
  "final_belief_accuracy": 0.9894736842105263,
  "final_belief_ce": 3.5642480640558136,
  "avg_return": 2.51369175483327,
  "learned_logits": [
    [
      -0.9853292519511746,
      1.0496496739266077
    ],
    [
      1.0880310060147684,
      -1.1096984252258673
    ],
    [
      0.07611763216588333,
      -0.059348911872397055
    ]
  ],
  "learned_probs": [
    [
      0.11557899886526302,
      0.884421001134737
    ],
    [
      0.9000454276766966,
      0.09995457232330336
    ],
    [
      0.5338149398021935,
      0.4661850601978064
    ]
  ],
  "permutation_true_to_learned": [
    1,
    2,
    0
  ],
  "prototype_update_count": 715,
  "agents_per_type": {
    "0": 7,
    "1": 7,
    "2": 6
  }
}