{
  "experiment": "prototype_recovery_sweep",
  "K": 5,
  "seed": 42,
  "num_rounds": 2000,
  "num_agents": 20,
  "prototype_update_every": 7,
  "population_noise_sigma": 0.1,
  "ground_truth_probs": [
    [
      0.85,
      0.15
    ],
    [
      0.65,
      0.35
    ],
    [
      0.5,
      0.5
    ],
    [
      0.35,
      0.65
    ],
    [
      0.15,
      0.85
    ]
  ],
  "final_mce": 0.636997891330974,
  "final_belief_accuracy": 0.4368421052631579,
  "final_belief_ce": 1.5049873014179997,
  "avg_return": 0.0,
  "learned_logits": [
    [
      0.019796808569602982,
      0.04452361340582876
    ],
    [
      0.2603014341292891,
      -0.28196885334038735
    ],
    [
      0.07118830894126287,
      -0.054419588647776324
    ],
    [
      -0.10138239396686384,
      0.15613361030300735
    ],
    [
      -0.10018971486337237,
      0.13751434649141153
    ]
  ],
  "learned_probs": [
    [
      0.4938186137370279,
      0.5061813862629722
    ],
    [
      0.6323403862408545,
      0.3676596137591455
    ],
    [
      0.5313607527869276,
      0.4686392472130724
    ],
    [
      0.4359744271081292,
      0.5640255728918708
    ],
    [
      0.4408522260522676,
      0.5591477739477323
    ]
  ],
  "permutation_true_to_learned": [
    1,
    2,
    0,
    4,
    3
  ],
  "prototype_update_count": 286,
  "agents_per_type": {
    "0": 4,
    "1": 4,
    "2": 4,
    "3": 4,
    "4": 4
  }
}