{
  "experiment": "prototype_recovery_sweep",
  "K": 3,
  "seed": 43,
  "num_rounds": 1000,
  "num_agents": 20,
  "prototype_update_every": 7,
  "population_noise_sigma": 0.1,
  "ground_truth_probs": [
    [
      0.98,
      0.02
    ],
    [
      0.75,
      0.25
    ],
    [
      0.02,
      0.98
    ]
  ],
  "final_mce": 0.3012415349590388,
  "final_belief_accuracy": 0.8236842105263158,
  "final_belief_ce": 3.663403584547756,
  "avg_return": 2.46750649870026,
  "learned_logits": [
    [
      0.45261618241660595,
      -0.5101179324291729
    ],
    [
      -0.9528039793395089,
      0.9500629391118217
    ],
    [
      1.0273967951308451,
      -1.0178230220551765
    ]
  ],
  "learned_probs": [
    [
      0.7236688863844759,
      0.276331113615524
    ],
    [
      0.12978433973958994,
      0.87021566026041
    ],
    [
      0.8854637160149377,
      0.11453628398506242
    ]
  ],
  "permutation_true_to_learned": [
    2,
    0,
    1
  ],
  "prototype_update_count": 143,
  "agents_per_type": {
    "0": 7,
    "1": 7,
    "2": 6
  }
}