{
  "experiment": "prototype_recovery_sweep",
  "K": 4,
  "seed": 42,
  "num_rounds": 1000,
  "num_agents": 20,
  "prototype_update_every": 7,
  "population_noise_sigma": 0.1,
  "ground_truth_probs": [
    [
      0.95,
      0.05
    ],
    [
      0.75,
      0.25
    ],
    [
      0.25,
      0.75
    ],
    [
      0.05,
      0.95
    ]
  ],
  "final_mce": 0.5140448025385523,
  "final_belief_accuracy": 0.55,
  "final_belief_ce": 2.494491586362185,
  "avg_return": 2.4802968270214945,
  "learned_logits": [
    [
      0.22179892266166487,
      -0.15747850068623304
    ],
    [
      -0.4754913126277693,
      0.4538238934166696
    ],
    [
      0.0013279775557534428,
      0.01544074273773275
    ],
    [
      0.509758014861193,
      -0.4550067985250482
    ]
  ],
  "learned_probs": [
    [
      0.5936988144172974,
      0.4063011855827025
    ],
    [
      0.2830636650043887,
      0.7169363349956114
    ],
    [
      0.49647186726253534,
      0.5035281327374646
    ],
    [
      0.7240747851981918,
      0.27592521480180826
    ]
  ],
  "permutation_true_to_learned": [
    3,
    0,
    2,
    1
  ],
  "prototype_update_count": 143,
  "agents_per_type": {
    "0": 5,
    "1": 5,
    "2": 5,
    "3": 5
  }
}