{
  "experiment": "prototype_recovery_sweep",
  "K": 3,
  "seed": 43,
  "num_rounds": 10000,
  "num_agents": 20,
  "prototype_update_every": 7,
  "population_noise_sigma": 0.1,
  "ground_truth_probs": [
    [
      0.98,
      0.02
    ],
    [
      0.75,
      0.25
    ],
    [
      0.02,
      0.98
    ]
  ],
  "final_mce": 0.27300098011890467,
  "final_belief_accuracy": 0.9947368421052631,
  "final_belief_ce": 3.690246707657802,
  "avg_return": 2.4606848287928016,
  "learned_logits": [
    [
      0.46339598595480946,
      -0.5208977359673755
    ],
    [
      -1.1561948458777662,
      1.1534538056500794
    ],
    [
      1.4112293560185423,
      -1.4016555829428734
    ]
  ],
  "learned_probs": [
    [
      0.727959353338005,
      0.27204064666199496
    ],
    [
      0.09032701016359213,
      0.9096729898364079
    ],
    [
      0.9433681434466773,
      0.0566318565533226
    ]
  ],
  "permutation_true_to_learned": [
    2,
    0,
    1
  ],
  "prototype_update_count": 1429,
  "agents_per_type": {
    "0": 7,
    "1": 7,
    "2": 6
  }
}