{
  "experiment": "prototype_recovery_sweep",
  "K": 3,
  "seed": 43,
  "num_rounds": 500,
  "num_agents": 20,
  "prototype_update_every": 7,
  "population_noise_sigma": 0.1,
  "ground_truth_probs": [
    [
      0.95,
      0.05
    ],
    [
      0.5,
      0.5
    ],
    [
      0.05,
      0.95
    ]
  ],
  "final_mce": 0.5884583070742866,
  "final_belief_accuracy": 0.6789473684210526,
  "final_belief_ce": 1.476695048255197,
  "avg_return": 2.485731272294887,
  "learned_logits": [
    [
      -0.038250986586518335,
      -0.019250763426046848
    ],
    [
      -0.12464376789261189,
      0.12190272766492542
    ],
    [
      0.28072163825970514,
      -0.27114786518403816
    ]
  ],
  "learned_probs": [
    [
      0.49525008710559193,
      0.5047499128944081
    ],
    [
      0.4386737059795831,
      0.5613262940204169
    ],
    [
      0.6345692212323589,
      0.36543077876764113
    ]
  ],
  "permutation_true_to_learned": [
    2,
    0,
    1
  ],
  "prototype_update_count": 72,
  "agents_per_type": {
    "0": 7,
    "1": 7,
    "2": 6
  }
}