{
  "experiment": "prototype_recovery_sweep",
  "K": 3,
  "seed": 42,
  "num_rounds": 500,
  "num_agents": 20,
  "prototype_update_every": 7,
  "population_noise_sigma": 0.1,
  "ground_truth_probs": [
    [
      0.98,
      0.02
    ],
    [
      0.75,
      0.25
    ],
    [
      0.02,
      0.98
    ]
  ],
  "final_mce": 0.44918578548703453,
  "final_belief_accuracy": 0.6947368421052632,
  "final_belief_ce": 1.6705409444179598,
  "avg_return": 2.467382242601084,
  "learned_logits": [
    [
      -0.21398912531173195,
      0.2783095472871629
    ],
    [
      0.6910204270139652,
      -0.712687846225064
    ],
    [
      0.20856450524922038,
      -0.19179578495573335
    ]
  ],
  "learned_probs": [
    [
      0.3793522088350174,
      0.6206477911649827
    ],
    [
      0.8027716761805286,
      0.1972283238194714
    ],
    [
      0.5987742206270784,
      0.40122577937292153
    ]
  ],
  "permutation_true_to_learned": [
    1,
    2,
    0
  ],
  "prototype_update_count": 72,
  "agents_per_type": {
    "0": 7,
    "1": 7,
    "2": 6
  }
}