{
  "experiment": "prototype_recovery_sweep",
  "K": 3,
  "seed": 43,
  "num_rounds": 1000,
  "num_agents": 20,
  "prototype_update_every": 7,
  "population_noise_sigma": 0.1,
  "ground_truth_probs": [
    [
      0.95,
      0.05
    ],
    [
      0.5,
      0.5
    ],
    [
      0.05,
      0.95
    ]
  ],
  "final_mce": 0.426601498507428,
  "final_belief_accuracy": 0.8631578947368421,
  "final_belief_ce": 3.0560573022467037,
  "avg_return": 2.4914517096580684,
  "learned_logits": [
    [
      -0.1352112604301363,
      0.07770951041757118
    ],
    [
      -0.6352750183652133,
      0.6325339781375267
    ],
    [
      0.7812130944558079,
      -0.771639321380141
    ]
  ],
  "learned_probs": [
    [
      0.4469700001195738,
      0.5530299998804261
    ],
    [
      0.2196325464524092,
      0.7803674535475907
    ],
    [
      0.825325327556799,
      0.17467467244320103
    ]
  ],
  "permutation_true_to_learned": [
    2,
    0,
    1
  ],
  "prototype_update_count": 143,
  "agents_per_type": {
    "0": 7,
    "1": 7,
    "2": 6
  }
}