{
  "experiment": "prototype_recovery_sweep",
  "K": 2,
  "seed": 42,
  "num_rounds": 500,
  "num_agents": 20,
  "prototype_update_every": 7,
  "population_noise_sigma": 0.1,
  "ground_truth_probs": [
    [
      0.95,
      0.05
    ],
    [
      0.05,
      0.95
    ]
  ],
  "final_mce": 0.23251217112998684,
  "final_belief_accuracy": 0.9973684210526316,
  "final_belief_ce": 0.03947260811235041,
  "avg_return": 2.442806726178119,
  "learned_logits": [
    [
      1.0091381090621079,
      -0.9448176870866768
    ],
    [
      -0.9582803168117605,
      0.9366128976006611
    ]
  ],
  "learned_probs": [
    [
      0.875877340877497,
      0.12412265912250293
    ],
    [
      0.13068755427819032,
      0.8693124457218098
    ]
  ],
  "permutation_true_to_learned": [
    0,
    1
  ],
  "prototype_update_count": 72,
  "agents_per_type": {
    "0": 10,
    "1": 10
  }
}