{
  "experiment": "prototype_recovery_sweep",
  "K": 5,
  "seed": 43,
  "num_rounds": 250,
  "num_agents": 50,
  "prototype_update_every": 10,
  "population_noise_sigma": 0.1,
  "ground_truth_probs": [
    [
      0.98,
      0.02
    ],
    [
      0.8,
      0.2
    ],
    [
      0.6,
      0.4
    ],
    [
      0.5,
      0.5
    ],
    [
      0.2,
      0.8
    ]
  ],
  "final_mce": 0.6656891310813152,
  "final_belief_accuracy": 0.24897959183673468,
  "final_belief_ce": 1.6098650553749156,
  "avg_return": 2.452868030485359,
  "learned_logits": [
    [
      0.19643835393848305,
      -0.26087348568228025
    ],
    [
      0.27999058683890743,
      -0.17804517928948996
    ],
    [
      0.19872644220291324,
      -0.25908834381617185
    ],
    [
      0.24630784735899514,
      -0.20990118039269393
    ],
    [
      0.2710264191687644,
      -0.18914618084992577
    ]
  ],
  "learned_probs": [
    [
      0.6123762763673324,
      0.38762372363266756
    ],
    [
      0.6125481019549435,
      0.38745189804505664
    ],
    [
      0.6124956547950953,
      0.3875043452049046
    ],
    [
      0.6121144677604098,
      0.3878855322395903
    ],
    [
      0.6130551208625779,
      0.38694487913742215
    ]
  ],
  "permutation_true_to_learned": [
    4,
    1,
    2,
    0,
    3
  ],
  "prototype_update_count": 25,
  "agents_per_type": {
    "0": 10,
    "1": 10,
    "2": 10,
    "3": 10,
    "4": 10
  }
}