{
  "experiment": "prototype_recovery_sweep",
  "K": 3,
  "seed": 43,
  "num_rounds": 3000,
  "num_agents": 20,
  "prototype_update_every": 7,
  "population_noise_sigma": 0.1,
  "ground_truth_probs": [
    [
      0.98,
      0.02
    ],
    [
      0.75,
      0.25
    ],
    [
      0.02,
      0.98
    ]
  ],
  "final_mce": 0.28287134451539475,
  "final_belief_accuracy": 0.9394736842105263,
  "final_belief_ce": 3.7110264855628117,
  "avg_return": 2.463673941798942,
  "learned_logits": [
    [
      0.47589757017071715,
      -0.5333993201832835
    ],
    [
      -1.1099798499985962,
      1.1072388097709092
    ],
    [
      1.1819909078679804,
      -1.1724171347923116
    ]
  ],
  "learned_probs": [
    [
      0.7328825270069147,
      0.26711747299308525
    ],
    [
      0.09821486887333233,
      0.9017851311266677
    ],
    [
      0.913283965087868,
      0.0867160349121319
    ]
  ],
  "permutation_true_to_learned": [
    2,
    0,
    1
  ],
  "prototype_update_count": 429,
  "agents_per_type": {
    "0": 7,
    "1": 7,
    "2": 6
  }
}