{
  "experiment": "prototype_recovery_sweep",
  "K": 5,
  "seed": 43,
  "num_rounds": 500,
  "num_agents": 20,
  "prototype_update_every": 7,
  "population_noise_sigma": 0.1,
  "ground_truth_probs": [
    [
      0.98,
      0.02
    ],
    [
      0.75,
      0.25
    ],
    [
      0.6,
      0.4
    ],
    [
      0.5,
      0.5
    ],
    [
      0.25,
      0.75
    ]
  ],
  "final_mce": 0.6629187668588401,
  "final_belief_accuracy": 0.3473684210526316,
  "final_belief_ce": 1.6089621839046495,
  "avg_return": 2.4541939321832245,
  "learned_logits": [
    [
      0.2102655159573304,
      -0.26776726596989814
    ],
    [
      0.23191885621841624,
      -0.23465989644610308
    ],
    [
      0.25703831717410636,
      -0.24746454409843724
    ],
    [
      0.2586414803410324,
      -0.22619841016434084
    ],
    [
      0.23711565411526228,
      -0.23441347433300253
    ]
  ],
  "learned_probs": [
    [
      0.6172832373912357,
      0.3827167626087643
    ],
    [
      0.6145736740350329,
      0.38542632596496706
    ],
    [
      0.623516935348147,
      0.37648306465185294
    ],
    [
      0.6188900912697584,
      0.3811099087302417
    ],
    [
      0.6157456166714781,
      0.38425438332852185
    ]
  ],
  "permutation_true_to_learned": [
    2,
    3,
    0,
    4,
    1
  ],
  "prototype_update_count": 72,
  "agents_per_type": {
    "0": 4,
    "1": 4,
    "2": 4,
    "3": 4,
    "4": 4
  }
}