{
  "experiment": "prototype_recovery_sweep",
  "K": 5,
  "seed": 43,
  "num_rounds": 10000,
  "num_agents": 20,
  "prototype_update_every": 7,
  "population_noise_sigma": 0.1,
  "ground_truth_probs": [
    [
      0.98,
      0.02
    ],
    [
      0.75,
      0.25
    ],
    [
      0.6,
      0.4
    ],
    [
      0.5,
      0.5
    ],
    [
      0.25,
      0.75
    ]
  ],
  "final_mce": 0.5453720503370153,
  "final_belief_accuracy": 0.6684210526315789,
  "final_belief_ce": 3.4239803993834164,
  "avg_return": 2.4591739817240206,
  "learned_logits": [
    [
      0.1615897535564573,
      -0.21909150356902504
    ],
    [
      -0.3452713632485963,
      0.34253032302090936
    ],
    [
      0.9098355029997286,
      -0.9002617299240591
    ],
    [
      0.3177466182125352,
      -0.28530354803584324
    ],
    [
      0.11551723244638104,
      -0.1128150526641215
    ]
  ],
  "learned_probs": [
    [
      0.594037403355445,
      0.405962596644555
    ],
    [
      0.33452227737125556,
      0.6654777226287444
    ],
    [
      0.8593736253334016,
      0.14062637466659836
    ],
    [
      0.6463538257622613,
      0.35364617423773864
    ],
    [
      0.5568363523142763,
      0.44316364768572375
    ]
  ],
  "permutation_true_to_learned": [
    2,
    3,
    0,
    4,
    1
  ],
  "prototype_update_count": 1429,
  "agents_per_type": {
    "0": 4,
    "1": 4,
    "2": 4,
    "3": 4,
    "4": 4
  }
}