{
  "experiment": "prototype_recovery_sweep",
  "K": 3,
  "seed": 43,
  "num_rounds": 250,
  "num_agents": 50,
  "prototype_update_every": 10,
  "population_noise_sigma": 0.1,
  "ground_truth_probs": [
    [
      0.98,
      0.02
    ],
    [
      0.5,
      0.5
    ],
    [
      0.02,
      0.98
    ]
  ],
  "final_mce": 0.693184919572218,
  "final_belief_accuracy": 0.4906122448979592,
  "final_belief_ce": 1.0994244828531192,
  "avg_return": 2.232,
  "learned_logits": [
    [
      -0.062142174643896264,
      -0.002292957099900019
    ],
    [
      0.022265928374413248,
      0.0796794791750049
    ],
    [
      -0.059258070181531855,
      -0.0011038314317266904
    ]
  ],
  "learned_probs": [
    [
      0.4850421601739677,
      0.5149578398260323
    ],
    [
      0.4856505537755292,
      0.5143494462244708
    ],
    [
      0.4854655362756784,
      0.5145344637243217
    ]
  ],
  "permutation_true_to_learned": [
    1,
    2,
    0
  ],
  "prototype_update_count": 25,
  "agents_per_type": {
    "0": 17,
    "1": 17,
    "2": 16
  }
}