{
  "experiment": "prototype_recovery_sweep",
  "K": 3,
  "seed": 42,
  "num_rounds": 50,
  "num_agents": 30,
  "prototype_update_every": 7,
  "population_noise_sigma": 0.1,
  "ground_truth_probs": [
    [
      0.98,
      0.02
    ],
    [
      0.75,
      0.25
    ],
    [
      0.02,
      0.98
    ]
  ],
  "final_mce": 0.6792076166582853,
  "final_belief_accuracy": 0.3195402298850575,
  "final_belief_ce": 1.0985206566928198,
  "avg_return": 2.414423076923077,
  "learned_logits": [
    [
      0.10112499466859168,
      -0.20201273474867124
    ],
    [
      0.1705551186020774,
      -0.13310634877886296
    ],
    [
      0.18951837845720032,
      -0.11428968770756166
    ]
  ],
  "learned_probs": [
    [
      0.575209381093852,
      0.424790618906148
    ],
    [
      0.5753373480430963,
      0.42466265195690367
    ],
    [
      0.5753731652903445,
      0.42462683470965557
    ]
  ],
  "permutation_true_to_learned": [
    2,
    1,
    0
  ],
  "prototype_update_count": 8,
  "agents_per_type": {
    "0": 10,
    "1": 10,
    "2": 10
  }
}